2025-10-14T16:12:53.226+05:30  INFO 38346 --- [user-microservice] [main] [                                                 ] com.app.ecomm.user.UserApplication       : Starting UserApplication using Java 24.0.1 with PID 38346 (/Users/kamleshwarpradhan/Downloads/eComm-Microservices/user/target/classes started by kamleshwarpradhan in /Users/kamleshwarpradhan/Downloads/eComm-Microservices)
2025-10-14T16:12:53.230+05:30  INFO 38346 --- [user-microservice] [main] [                                                 ] com.app.ecomm.user.UserApplication       : No active profile set, falling back to 1 default profile: "default"
2025-10-14T16:12:53.250+05:30  INFO 38346 --- [user-microservice] [main] [                                                 ] o.s.c.c.c.ConfigServerConfigDataLoader   : Fetching config from server at : http://localhost:8888
2025-10-14T16:12:53.250+05:30  INFO 38346 --- [user-microservice] [main] [                                                 ] o.s.c.c.c.ConfigServerConfigDataLoader   : Located environment: name=user-microservice, profiles=[default], label=null, version=null, state=null
2025-10-14T16:12:53.834+05:30  INFO 38346 --- [user-microservice] [main] [                                                 ] .s.d.r.c.RepositoryConfigurationDelegate : Bootstrapping Spring Data MongoDB repositories in DEFAULT mode.
2025-10-14T16:12:53.940+05:30  INFO 38346 --- [user-microservice] [main] [                                                 ] .s.d.r.c.RepositoryConfigurationDelegate : Finished Spring Data repository scanning in 98 ms. Found 1 MongoDB repository interface.
2025-10-14T16:12:54.038+05:30  INFO 38346 --- [user-microservice] [main] [                                                 ] faultConfiguringBeanFactoryPostProcessor : No bean named 'errorChannel' has been explicitly defined. Therefore, a default PublishSubscribeChannel will be created.
2025-10-14T16:12:54.043+05:30  INFO 38346 --- [user-microservice] [main] [                                                 ] faultConfiguringBeanFactoryPostProcessor : No bean named 'integrationHeaderChannelRegistry' has been explicitly defined. Therefore, a default DefaultHeaderChannelRegistry will be created.
2025-10-14T16:12:54.126+05:30  INFO 38346 --- [user-microservice] [main] [                                                 ] o.s.cloud.context.scope.GenericScope     : BeanFactory id=ca25f68d-b1bb-3b4c-ab00-bcb6487255da
2025-10-14T16:12:54.307+05:30  INFO 38346 --- [user-microservice] [main] [                                                 ] o.s.b.w.embedded.tomcat.TomcatWebServer  : Tomcat initialized with port 8082 (http)
2025-10-14T16:12:54.315+05:30  INFO 38346 --- [user-microservice] [main] [                                                 ] o.apache.catalina.core.StandardService   : Starting service [Tomcat]
2025-10-14T16:12:54.315+05:30  INFO 38346 --- [user-microservice] [main] [                                                 ] o.apache.catalina.core.StandardEngine    : Starting Servlet engine: [Apache Tomcat/10.1.43]
2025-10-14T16:12:54.338+05:30  INFO 38346 --- [user-microservice] [main] [                                                 ] o.a.c.c.C.[Tomcat].[localhost].[/]       : Initializing Spring embedded WebApplicationContext
2025-10-14T16:12:54.338+05:30  INFO 38346 --- [user-microservice] [main] [                                                 ] w.s.c.ServletWebServerApplicationContext : Root WebApplicationContext: initialization completed in 1087 ms
2025-10-14T16:12:54.643+05:30  INFO 38346 --- [user-microservice] [main] [                                                 ] org.mongodb.driver.client                : MongoClient with metadata {"driver": {"name": "mongo-java-driver|sync|spring-boot", "version": "5.5.1"}, "os": {"type": "Darwin", "name": "Mac OS X", "architecture": "aarch64", "version": "26.0.1"}, "platform": "Java/Oracle Corporation/24.0.1+9-30"} created with settings MongoClientSettings{readPreference=primary, writeConcern=WriteConcern{w=null, wTimeout=null ms, journal=null}, retryWrites=true, retryReads=true, readConcern=ReadConcern{level=null}, credential=null, transportSettings=null, commandListeners=[io.micrometer.core.instrument.binder.mongodb.MongoMetricsCommandListener@46d18a33], codecRegistry=ProvidersCodecRegistry{codecProviders=[ValueCodecProvider{}, BsonValueCodecProvider{}, DBRefCodecProvider{}, DBObjectCodecProvider{}, DocumentCodecProvider{}, CollectionCodecProvider{}, IterableCodecProvider{}, MapCodecProvider{}, GeoJsonCodecProvider{}, GridFSFileCodecProvider{}, Jsr310CodecProvider{}, JsonObjectCodecProvider{}, BsonCodecProvider{}, EnumCodecProvider{}, com.mongodb.client.model.mql.ExpressionCodecProvider@495f3965, com.mongodb.Jep395RecordCodecProvider@1c06f19c, com.mongodb.KotlinCodecProvider@3065efd0]}, loggerSettings=LoggerSettings{maxDocumentLength=1000}, clusterSettings={hosts=[localhost:27017], srvServiceName=mongodb, mode=SINGLE, requiredClusterType=UNKNOWN, requiredReplicaSetName='null', serverSelector='null', clusterListeners='[]', serverSelectionTimeout='30000 ms', localThreshold='15 ms'}, socketSettings=SocketSettings{connectTimeoutMS=10000, readTimeoutMS=0, receiveBufferSize=0, proxySettings=ProxySettings{host=null, port=null, username=null, password=null}}, heartbeatSocketSettings=SocketSettings{connectTimeoutMS=10000, readTimeoutMS=10000, receiveBufferSize=0, proxySettings=ProxySettings{host=null, port=null, username=null, password=null}}, connectionPoolSettings=ConnectionPoolSettings{maxSize=100, minSize=0, maxWaitTimeMS=120000, maxConnectionLifeTimeMS=0, maxConnectionIdleTimeMS=0, maintenanceInitialDelayMS=0, maintenanceFrequencyMS=60000, connectionPoolListeners=[io.micrometer.core.instrument.binder.mongodb.MongoMetricsConnectionPoolListener@7aaf6bfd], maxConnecting=2}, serverSettings=ServerSettings{heartbeatFrequencyMS=10000, minHeartbeatFrequencyMS=500, serverMonitoringMode=AUTO, serverListeners='[]', serverMonitorListeners='[]'}, sslSettings=SslSettings{enabled=false, invalidHostNameAllowed=false, context=null}, applicationName='null', compressorList=[], uuidRepresentation=JAVA_LEGACY, serverApi=null, autoEncryptionSettings=null, dnsClient=null, inetAddressResolver=null, contextProvider=null, timeoutMS=null}
2025-10-14T16:12:54.678+05:30  INFO 38346 --- [user-microservice] [cluster-ClusterId{value='68ee292e3f183ece352f5e20', description='null'}-localhost:27017] [                                                 ] org.mongodb.driver.cluster               : Monitor thread successfully connected to server with description ServerDescription{address=localhost:27017, type=STANDALONE, cryptd=false, state=CONNECTED, ok=true, minWireVersion=0, maxWireVersion=25, maxDocumentSize=16777216, logicalSessionTimeoutMinutes=30, roundTripTimeNanos=38421458, minRoundTripTimeNanos=0}
2025-10-14T16:12:55.172+05:30  WARN 38346 --- [user-microservice] [main] [                                                 ] c.f.c.c.BeanFactoryAwareFunctionRegistry : Failed to locate function 'busConsumer' for function definition 'busConsumer'. Returning null.
2025-10-14T16:12:55.204+05:30  INFO 38346 --- [user-microservice] [main] [                                                 ] o.s.c.s.m.DirectWithAttributesChannel    : Channel 'user-microservice.springCloudBusInput' has 1 subscriber(s).
2025-10-14T16:12:55.301+05:30  INFO 38346 --- [user-microservice] [main] [                                                 ] DiscoveryClientOptionalArgsConfiguration : Eureka HTTP Client uses RestTemplate.
2025-10-14T16:12:55.322+05:30  WARN 38346 --- [user-microservice] [main] [                                                 ] iguration$LoadBalancerCaffeineWarnLogger : Spring Cloud LoadBalancer is currently working with the default cache. While this cache implementation is useful for development and tests, it's recommended to use Caffeine cache in production.You can switch to using Caffeine cache, by adding it and org.springframework.cache.caffeine.CaffeineCacheManager to the classpath.
2025-10-14T16:12:55.325+05:30  INFO 38346 --- [user-microservice] [main] [                                                 ] o.s.b.a.e.web.EndpointLinksResolver      : Exposing 25 endpoints beneath base path '/actuator'
2025-10-14T16:12:55.386+05:30  INFO 38346 --- [user-microservice] [main] [                                                 ] figuration$IntegrationJmxConfiguration$1 : Registering MessageChannel errorChannel
2025-10-14T16:12:55.390+05:30  INFO 38346 --- [user-microservice] [main] [                                                 ] figuration$IntegrationJmxConfiguration$1 : Registering MessageChannel springCloudBusInput
2025-10-14T16:12:55.393+05:30  INFO 38346 --- [user-microservice] [main] [                                                 ] figuration$IntegrationJmxConfiguration$1 : Registering MessageChannel nullChannel
2025-10-14T16:12:55.395+05:30  INFO 38346 --- [user-microservice] [main] [                                                 ] figuration$IntegrationJmxConfiguration$1 : Registering MessageHandler _org.springframework.integration.errorLogger
2025-10-14T16:12:55.401+05:30  INFO 38346 --- [user-microservice] [main] [                                                 ] o.s.i.endpoint.EventDrivenConsumer       : Adding {logging-channel-adapter:_org.springframework.integration.errorLogger} as a subscriber to the 'errorChannel' channel
2025-10-14T16:12:55.402+05:30  INFO 38346 --- [user-microservice] [main] [                                                 ] o.s.i.channel.PublishSubscribeChannel    : Channel 'user-microservice.errorChannel' has 1 subscriber(s).
2025-10-14T16:12:55.402+05:30  INFO 38346 --- [user-microservice] [main] [                                                 ] o.s.i.endpoint.EventDrivenConsumer       : started bean '_org.springframework.integration.errorLogger'
2025-10-14T16:12:55.450+05:30  INFO 38346 --- [user-microservice] [main] [                                                 ] o.s.c.n.eureka.InstanceInfoFactory       : Setting initial instance status as: STARTING
2025-10-14T16:12:55.465+05:30  INFO 38346 --- [user-microservice] [main] [                                                 ] com.netflix.discovery.DiscoveryClient    : Initializing Eureka in region us-east-1
2025-10-14T16:12:55.469+05:30  INFO 38346 --- [user-microservice] [main] [                                                 ] c.n.d.s.r.aws.ConfigClusterResolver      : Resolving eureka endpoints via configuration
2025-10-14T16:12:55.476+05:30  INFO 38346 --- [user-microservice] [main] [                                                 ] com.netflix.discovery.DiscoveryClient    : Disable delta property : false
2025-10-14T16:12:55.476+05:30  INFO 38346 --- [user-microservice] [main] [                                                 ] com.netflix.discovery.DiscoveryClient    : Single vip registry refresh property : null
2025-10-14T16:12:55.476+05:30  INFO 38346 --- [user-microservice] [main] [                                                 ] com.netflix.discovery.DiscoveryClient    : Force full registry fetch : false
2025-10-14T16:12:55.476+05:30  INFO 38346 --- [user-microservice] [main] [                                                 ] com.netflix.discovery.DiscoveryClient    : Application is null : false
2025-10-14T16:12:55.476+05:30  INFO 38346 --- [user-microservice] [main] [                                                 ] com.netflix.discovery.DiscoveryClient    : Registered Applications size is zero : true
2025-10-14T16:12:55.476+05:30  INFO 38346 --- [user-microservice] [main] [                                                 ] com.netflix.discovery.DiscoveryClient    : Application version is -1: true
2025-10-14T16:12:55.476+05:30  INFO 38346 --- [user-microservice] [main] [                                                 ] com.netflix.discovery.DiscoveryClient    : Getting all instance registry info from the eureka server
2025-10-14T16:12:55.721+05:30  INFO 38346 --- [user-microservice] [main] [                                                 ] com.netflix.discovery.DiscoveryClient    : The response status is 200
2025-10-14T16:12:55.721+05:30  INFO 38346 --- [user-microservice] [main] [                                                 ] com.netflix.discovery.DiscoveryClient    : Starting heartbeat executor: renew interval is: 30
2025-10-14T16:12:55.722+05:30  INFO 38346 --- [user-microservice] [main] [                                                 ] c.n.discovery.InstanceInfoReplicator     : InstanceInfoReplicator onDemand update allowed rate per min is 4
2025-10-14T16:12:55.723+05:30  INFO 38346 --- [user-microservice] [main] [                                                 ] com.netflix.discovery.DiscoveryClient    : Discovery Client initialized at timestamp 1760438575723 with initial instances count: 0
2025-10-14T16:12:55.725+05:30  INFO 38346 --- [user-microservice] [main] [                                                 ] o.s.c.n.e.s.EurekaServiceRegistry        : Registering application USER-MICROSERVICE with eureka with status UP
2025-10-14T16:12:55.725+05:30  INFO 38346 --- [user-microservice] [main] [                                                 ] com.netflix.discovery.DiscoveryClient    : Saw local status change event StatusChangeEvent [timestamp=1760438575725, current=UP, previous=STARTING]
2025-10-14T16:12:55.726+05:30  INFO 38346 --- [user-microservice] [DiscoveryClient-InstanceInfoReplicator-%d] [                                                 ] com.netflix.discovery.DiscoveryClient    : DiscoveryClient_USER-MICROSERVICE/172.29.168.193:user-microservice:8082: registering service...
2025-10-14T16:12:55.727+05:30  INFO 38346 --- [user-microservice] [main] [                                                 ] o.s.c.s.binder.DefaultBinderFactory      : Creating binder: rabbit
2025-10-14T16:12:55.727+05:30  INFO 38346 --- [user-microservice] [main] [                                                 ] o.s.c.s.binder.DefaultBinderFactory      : Constructing binder child context for rabbit
2025-10-14T16:12:55.778+05:30  INFO 38346 --- [user-microservice] [main] [                                                 ] o.s.c.s.binder.DefaultBinderFactory      : Caching the binder: rabbit
2025-10-14T16:12:55.779+05:30  INFO 38346 --- [user-microservice] [DiscoveryClient-InstanceInfoReplicator-%d] [                                                 ] com.netflix.discovery.DiscoveryClient    : DiscoveryClient_USER-MICROSERVICE/172.29.168.193:user-microservice:8082 - registration status: 204
2025-10-14T16:12:55.784+05:30  INFO 38346 --- [user-microservice] [main] [                                                 ] c.s.b.r.p.RabbitExchangeQueueProvisioner : declaring queue for inbound: springCloudBus.anonymous.UwiZKMWiQAGTu9Q741Crng, bound to: springCloudBus
2025-10-14T16:12:55.786+05:30  INFO 38346 --- [user-microservice] [main] [                                                 ] o.s.a.r.c.CachingConnectionFactory       : Attempting to connect to: [shrimp.rmq.cloudamqp.com:5672]
2025-10-14T16:12:56.741+05:30  WARN 38346 --- [user-microservice] [AsyncReporter{ZipkinHttpClientSender{http://localhost:9411/api/v2/spans}}] [                                                 ] z.r.i.AsyncReporter$BoundedAsyncReporter : Spans were dropped due to exceptions. All subsequent errors will be logged at FINE level.
2025-10-14T16:12:56.741+05:30  WARN 38346 --- [user-microservice] [AsyncReporter{ZipkinHttpClientSender{http://localhost:9411/api/v2/spans}}] [                                                 ] z.r.i.AsyncReporter$BoundedAsyncReporter : Dropped 2 spans due to ConnectException()

java.net.ConnectException: null
	at java.net.http/jdk.internal.net.http.HttpClientImpl.send(HttpClientImpl.java:923) ~[java.net.http:na]
	at java.net.http/jdk.internal.net.http.HttpClientFacade.send(HttpClientFacade.java:133) ~[java.net.http:na]
	at org.springframework.boot.actuate.autoconfigure.tracing.zipkin.ZipkinHttpClientSender.postSpans(ZipkinHttpClientSender.java:60) ~[spring-boot-actuator-autoconfigure-3.5.4.jar:3.5.4]
	at org.springframework.boot.actuate.autoconfigure.tracing.zipkin.HttpSender.postSpans(HttpSender.java:69) ~[spring-boot-actuator-autoconfigure-3.5.4.jar:3.5.4]
	at org.springframework.boot.actuate.autoconfigure.tracing.zipkin.HttpSender.postSpans(HttpSender.java:41) ~[spring-boot-actuator-autoconfigure-3.5.4.jar:3.5.4]
	at zipkin2.reporter.BaseHttpSender.send(BaseHttpSender.java:123) ~[zipkin-reporter-3.5.1.jar:na]
	at zipkin2.reporter.internal.AsyncReporter$BoundedAsyncReporter.flush(AsyncReporter.java:266) ~[zipkin-reporter-3.5.1.jar:na]
	at zipkin2.reporter.internal.AsyncReporter$Flusher.run(AsyncReporter.java:352) ~[zipkin-reporter-3.5.1.jar:na]
	at java.base/java.lang.Thread.run(Thread.java:1447) ~[na:na]
Caused by: java.net.ConnectException: null
	at java.net.http/jdk.internal.net.http.common.Utils.toConnectException(Utils.java:1046) ~[java.net.http:na]
	at java.net.http/jdk.internal.net.http.PlainHttpConnection.connectAsync(PlainHttpConnection.java:215) ~[java.net.http:na]
	at java.net.http/jdk.internal.net.http.PlainHttpConnection.checkRetryConnect(PlainHttpConnection.java:268) ~[java.net.http:na]
	at java.net.http/jdk.internal.net.http.PlainHttpConnection.lambda$connectAsync$0(PlainHttpConnection.java:226) ~[java.net.http:na]
	at java.base/java.util.concurrent.CompletableFuture.uniHandle(CompletableFuture.java:980) ~[na:na]
	at java.base/java.util.concurrent.CompletableFuture$UniHandle.tryFire(CompletableFuture.java:957) ~[na:na]
	at java.base/java.util.concurrent.CompletableFuture.postComplete(CompletableFuture.java:556) ~[na:na]
	at java.base/java.util.concurrent.CompletableFuture$AsyncSupply.run(CompletableFuture.java:1819) ~[na:na]
	at java.base/java.util.concurrent.ThreadPoolExecutor.runWorker(ThreadPoolExecutor.java:1095) ~[na:na]
	at java.base/java.util.concurrent.ThreadPoolExecutor$Worker.run(ThreadPoolExecutor.java:619) ~[na:na]
	... 1 common frames omitted
Caused by: java.nio.channels.ClosedChannelException: null
	at java.base/sun.nio.ch.SocketChannelImpl.ensureOpen(SocketChannelImpl.java:204) ~[na:na]
	at java.base/sun.nio.ch.SocketChannelImpl.connect(SocketChannelImpl.java:942) ~[na:na]
	at java.net.http/jdk.internal.net.http.PlainHttpConnection.connectAsync(PlainHttpConnection.java:203) ~[java.net.http:na]
	... 9 common frames omitted

2025-10-14T16:12:56.829+05:30  INFO 38346 --- [user-microservice] [main] [                                                 ] o.s.a.r.c.CachingConnectionFactory       : Created new connection: rabbitConnectionFactory#34893693:0/SimpleConnection@2771e501 [delegate=amqp://evlcdmdm@3.132.110.14:5672/evlcdmdm, localPort=54498]
2025-10-14T16:12:58.251+05:30  INFO 38346 --- [user-microservice] [main] [                                                 ] o.s.c.stream.binder.BinderErrorChannel   : Channel 'rabbit-1453382929.springCloudBusInput.errors' has 1 subscriber(s).
2025-10-14T16:12:58.252+05:30  INFO 38346 --- [user-microservice] [main] [                                                 ] o.s.c.stream.binder.BinderErrorChannel   : Channel 'rabbit-1453382929.springCloudBusInput.errors' has 2 subscriber(s).
2025-10-14T16:12:59.150+05:30  INFO 38346 --- [user-microservice] [main] [                                                 ] o.s.i.a.i.AmqpInboundChannelAdapter      : started bean 'inbound.springCloudBus.anonymous.UwiZKMWiQAGTu9Q741Crng'
2025-10-14T16:12:59.160+05:30  INFO 38346 --- [user-microservice] [main] [                                                 ] o.s.b.w.embedded.tomcat.TomcatWebServer  : Tomcat started on port 8082 (http) with context path '/'
2025-10-14T16:12:59.160+05:30  INFO 38346 --- [user-microservice] [main] [                                                 ] .s.c.n.e.s.EurekaAutoServiceRegistration : Updating port to 8082
2025-10-14T16:12:59.184+05:30  INFO 38346 --- [user-microservice] [main] [                                                 ] figuration$IntegrationJmxConfiguration$1 : Registering MessageChannel rabbit-1453382929.springCloudBusInput.errors
2025-10-14T16:12:59.207+05:30  INFO 38346 --- [user-microservice] [main] [                                                 ] com.app.ecomm.user.UserApplication       : Started UserApplication in 6.397 seconds (process running for 11.931)
2025-10-14T16:12:59.984+05:30  INFO 38346 --- [user-microservice] [RMI TCP Connection(1)-172.29.168.193] [                                                 ] o.a.c.c.C.[Tomcat].[localhost].[/]       : Initializing Spring DispatcherServlet 'dispatcherServlet'
2025-10-14T16:12:59.985+05:30  INFO 38346 --- [user-microservice] [RMI TCP Connection(1)-172.29.168.193] [                                                 ] o.s.web.servlet.DispatcherServlet        : Initializing Servlet 'dispatcherServlet'
2025-10-14T16:12:59.987+05:30  INFO 38346 --- [user-microservice] [RMI TCP Connection(1)-172.29.168.193] [                                                 ] o.s.web.servlet.DispatcherServlet        : Completed initialization in 2 ms
2025-10-14T16:13:25.724+05:30  INFO 38346 --- [user-microservice] [DiscoveryClient-CacheRefreshExecutor-%d] [                                                 ] com.netflix.discovery.DiscoveryClient    : Disable delta property : false
2025-10-14T16:13:25.733+05:30  INFO 38346 --- [user-microservice] [DiscoveryClient-CacheRefreshExecutor-%d] [                                                 ] com.netflix.discovery.DiscoveryClient    : Single vip registry refresh property : null
2025-10-14T16:13:25.734+05:30  INFO 38346 --- [user-microservice] [DiscoveryClient-CacheRefreshExecutor-%d] [                                                 ] com.netflix.discovery.DiscoveryClient    : Force full registry fetch : false
2025-10-14T16:13:25.734+05:30  INFO 38346 --- [user-microservice] [DiscoveryClient-CacheRefreshExecutor-%d] [                                                 ] com.netflix.discovery.DiscoveryClient    : Application is null : false
2025-10-14T16:13:25.734+05:30  INFO 38346 --- [user-microservice] [DiscoveryClient-CacheRefreshExecutor-%d] [                                                 ] com.netflix.discovery.DiscoveryClient    : Registered Applications size is zero : true
2025-10-14T16:13:25.734+05:30  INFO 38346 --- [user-microservice] [DiscoveryClient-CacheRefreshExecutor-%d] [                                                 ] com.netflix.discovery.DiscoveryClient    : Application version is -1: false
2025-10-14T16:13:25.734+05:30  INFO 38346 --- [user-microservice] [DiscoveryClient-CacheRefreshExecutor-%d] [                                                 ] com.netflix.discovery.DiscoveryClient    : Getting all instance registry info from the eureka server
2025-10-14T16:13:25.787+05:30  INFO 38346 --- [user-microservice] [DiscoveryClient-CacheRefreshExecutor-%d] [                                                 ] com.netflix.discovery.DiscoveryClient    : The response status is 200
2025-10-14T16:17:55.465+05:30  INFO 38346 --- [user-microservice] [AsyncResolver-bootstrap-executor-%d] [                                                 ] c.n.d.s.r.aws.ConfigClusterResolver      : Resolving eureka endpoints via configuration
2025-10-14T16:19:26.058+05:30 ERROR 38346 --- [user-microservice] [http-nio-8082-exec-1] [                                                 ] o.a.c.c.C.[.[.[/].[dispatcherServlet]    : Servlet.service() for servlet [dispatcherServlet] in context with path [] threw exception [Request processing failed: org.springframework.web.client.HttpClientErrorException$Unauthorized: 401 Unauthorized on POST request for "http://localhost:8431/realms/ecomm-app/protocol/openid-connect/token": [no body]] with root cause

org.springframework.web.client.HttpClientErrorException$Unauthorized: 401 Unauthorized on POST request for "http://localhost:8431/realms/ecomm-app/protocol/openid-connect/token": [no body]
	at org.springframework.web.client.HttpClientErrorException.create(HttpClientErrorException.java:106) ~[spring-web-6.2.9.jar:6.2.9]
	at org.springframework.web.client.DefaultResponseErrorHandler.handleError(DefaultResponseErrorHandler.java:186) ~[spring-web-6.2.9.jar:6.2.9]
	at org.springframework.web.client.DefaultResponseErrorHandler.handleError(DefaultResponseErrorHandler.java:147) ~[spring-web-6.2.9.jar:6.2.9]
	at org.springframework.web.client.RestTemplate.handleResponse(RestTemplate.java:953) ~[spring-web-6.2.9.jar:6.2.9]
	at org.springframework.web.client.RestTemplate.doExecute(RestTemplate.java:902) ~[spring-web-6.2.9.jar:6.2.9]
	at org.springframework.web.client.RestTemplate.execute(RestTemplate.java:801) ~[spring-web-6.2.9.jar:6.2.9]
	at org.springframework.web.client.RestTemplate.postForEntity(RestTemplate.java:549) ~[spring-web-6.2.9.jar:6.2.9]
	at com.app.ecomm.user.Services.KeyCloakAdminService.getAdminAccessToken(KeyCloakAdminService.java:55) ~[classes/:na]
	at com.app.ecomm.user.Services.UserService.adduser(UserService.java:38) ~[classes/:na]
	at com.app.ecomm.user.controller.UserController.createUser(UserController.java:61) ~[classes/:na]
	at java.base/jdk.internal.reflect.DirectMethodHandleAccessor.invoke(DirectMethodHandleAccessor.java:104) ~[na:na]
	at java.base/java.lang.reflect.Method.invoke(Method.java:565) ~[na:na]
	at org.springframework.web.method.support.InvocableHandlerMethod.doInvoke(InvocableHandlerMethod.java:258) ~[spring-web-6.2.9.jar:6.2.9]
	at org.springframework.web.method.support.InvocableHandlerMethod.invokeForRequest(InvocableHandlerMethod.java:191) ~[spring-web-6.2.9.jar:6.2.9]
	at org.springframework.web.servlet.mvc.method.annotation.ServletInvocableHandlerMethod.invokeAndHandle(ServletInvocableHandlerMethod.java:118) ~[spring-webmvc-6.2.9.jar:6.2.9]
	at org.springframework.web.servlet.mvc.method.annotation.RequestMappingHandlerAdapter.invokeHandlerMethod(RequestMappingHandlerAdapter.java:991) ~[spring-webmvc-6.2.9.jar:6.2.9]
	at org.springframework.web.servlet.mvc.method.annotation.RequestMappingHandlerAdapter.handleInternal(RequestMappingHandlerAdapter.java:896) ~[spring-webmvc-6.2.9.jar:6.2.9]
	at org.springframework.web.servlet.mvc.method.AbstractHandlerMethodAdapter.handle(AbstractHandlerMethodAdapter.java:87) ~[spring-webmvc-6.2.9.jar:6.2.9]
	at org.springframework.web.servlet.DispatcherServlet.doDispatch(DispatcherServlet.java:1089) ~[spring-webmvc-6.2.9.jar:6.2.9]
	at org.springframework.web.servlet.DispatcherServlet.doService(DispatcherServlet.java:979) ~[spring-webmvc-6.2.9.jar:6.2.9]
	at org.springframework.web.servlet.FrameworkServlet.processRequest(FrameworkServlet.java:1014) ~[spring-webmvc-6.2.9.jar:6.2.9]
	at org.springframework.web.servlet.FrameworkServlet.doPost(FrameworkServlet.java:914) ~[spring-webmvc-6.2.9.jar:6.2.9]
	at jakarta.servlet.http.HttpServlet.service(HttpServlet.java:590) ~[tomcat-embed-core-10.1.43.jar:6.0]
	at org.springframework.web.servlet.FrameworkServlet.service(FrameworkServlet.java:885) ~[spring-webmvc-6.2.9.jar:6.2.9]
	at jakarta.servlet.http.HttpServlet.service(HttpServlet.java:658) ~[tomcat-embed-core-10.1.43.jar:6.0]
	at org.apache.catalina.core.ApplicationFilterChain.internalDoFilter(ApplicationFilterChain.java:195) ~[tomcat-embed-core-10.1.43.jar:10.1.43]
	at org.apache.catalina.core.ApplicationFilterChain.doFilter(ApplicationFilterChain.java:140) ~[tomcat-embed-core-10.1.43.jar:10.1.43]
	at org.apache.tomcat.websocket.server.WsFilter.doFilter(WsFilter.java:51) ~[tomcat-embed-websocket-10.1.43.jar:10.1.43]
	at org.apache.catalina.core.ApplicationFilterChain.internalDoFilter(ApplicationFilterChain.java:164) ~[tomcat-embed-core-10.1.43.jar:10.1.43]
	at org.apache.catalina.core.ApplicationFilterChain.doFilter(ApplicationFilterChain.java:140) ~[tomcat-embed-core-10.1.43.jar:10.1.43]
	at org.springframework.web.filter.RequestContextFilter.doFilterInternal(RequestContextFilter.java:100) ~[spring-web-6.2.9.jar:6.2.9]
	at org.springframework.web.filter.OncePerRequestFilter.doFilter(OncePerRequestFilter.java:116) ~[spring-web-6.2.9.jar:6.2.9]
	at org.apache.catalina.core.ApplicationFilterChain.internalDoFilter(ApplicationFilterChain.java:164) ~[tomcat-embed-core-10.1.43.jar:10.1.43]
	at org.apache.catalina.core.ApplicationFilterChain.doFilter(ApplicationFilterChain.java:140) ~[tomcat-embed-core-10.1.43.jar:10.1.43]
	at org.springframework.web.filter.FormContentFilter.doFilterInternal(FormContentFilter.java:93) ~[spring-web-6.2.9.jar:6.2.9]
	at org.springframework.web.filter.OncePerRequestFilter.doFilter(OncePerRequestFilter.java:116) ~[spring-web-6.2.9.jar:6.2.9]
	at org.apache.catalina.core.ApplicationFilterChain.internalDoFilter(ApplicationFilterChain.java:164) ~[tomcat-embed-core-10.1.43.jar:10.1.43]
	at org.apache.catalina.core.ApplicationFilterChain.doFilter(ApplicationFilterChain.java:140) ~[tomcat-embed-core-10.1.43.jar:10.1.43]
	at org.springframework.web.filter.ServerHttpObservationFilter.doFilterInternal(ServerHttpObservationFilter.java:110) ~[spring-web-6.2.9.jar:6.2.9]
	at org.springframework.web.filter.OncePerRequestFilter.doFilter(OncePerRequestFilter.java:116) ~[spring-web-6.2.9.jar:6.2.9]
	at org.apache.catalina.core.ApplicationFilterChain.internalDoFilter(ApplicationFilterChain.java:164) ~[tomcat-embed-core-10.1.43.jar:10.1.43]
	at org.apache.catalina.core.ApplicationFilterChain.doFilter(ApplicationFilterChain.java:140) ~[tomcat-embed-core-10.1.43.jar:10.1.43]
	at org.springframework.web.filter.CharacterEncodingFilter.doFilterInternal(CharacterEncodingFilter.java:201) ~[spring-web-6.2.9.jar:6.2.9]
	at org.springframework.web.filter.OncePerRequestFilter.doFilter(OncePerRequestFilter.java:116) ~[spring-web-6.2.9.jar:6.2.9]
	at org.apache.catalina.core.ApplicationFilterChain.internalDoFilter(ApplicationFilterChain.java:164) ~[tomcat-embed-core-10.1.43.jar:10.1.43]
	at org.apache.catalina.core.ApplicationFilterChain.doFilter(ApplicationFilterChain.java:140) ~[tomcat-embed-core-10.1.43.jar:10.1.43]
	at org.apache.catalina.core.StandardWrapperValve.invoke(StandardWrapperValve.java:167) ~[tomcat-embed-core-10.1.43.jar:10.1.43]
	at org.apache.catalina.core.StandardContextValve.invoke(StandardContextValve.java:90) ~[tomcat-embed-core-10.1.43.jar:10.1.43]
	at org.apache.catalina.authenticator.AuthenticatorBase.invoke(AuthenticatorBase.java:483) ~[tomcat-embed-core-10.1.43.jar:10.1.43]
	at org.apache.catalina.core.StandardHostValve.invoke(StandardHostValve.java:116) ~[tomcat-embed-core-10.1.43.jar:10.1.43]
	at org.apache.catalina.valves.ErrorReportValve.invoke(ErrorReportValve.java:93) ~[tomcat-embed-core-10.1.43.jar:10.1.43]
	at org.apache.catalina.core.StandardEngineValve.invoke(StandardEngineValve.java:74) ~[tomcat-embed-core-10.1.43.jar:10.1.43]
	at org.apache.catalina.connector.CoyoteAdapter.service(CoyoteAdapter.java:344) ~[tomcat-embed-core-10.1.43.jar:10.1.43]
	at org.apache.coyote.http11.Http11Processor.service(Http11Processor.java:398) ~[tomcat-embed-core-10.1.43.jar:10.1.43]
	at org.apache.coyote.AbstractProcessorLight.process(AbstractProcessorLight.java:63) ~[tomcat-embed-core-10.1.43.jar:10.1.43]
	at org.apache.coyote.AbstractProtocol$ConnectionHandler.process(AbstractProtocol.java:903) ~[tomcat-embed-core-10.1.43.jar:10.1.43]
	at org.apache.tomcat.util.net.NioEndpoint$SocketProcessor.doRun(NioEndpoint.java:1769) ~[tomcat-embed-core-10.1.43.jar:10.1.43]
	at org.apache.tomcat.util.net.SocketProcessorBase.run(SocketProcessorBase.java:52) ~[tomcat-embed-core-10.1.43.jar:10.1.43]
	at org.apache.tomcat.util.threads.ThreadPoolExecutor.runWorker(ThreadPoolExecutor.java:1189) ~[tomcat-embed-core-10.1.43.jar:10.1.43]
	at org.apache.tomcat.util.threads.ThreadPoolExecutor$Worker.run(ThreadPoolExecutor.java:658) ~[tomcat-embed-core-10.1.43.jar:10.1.43]
	at org.apache.tomcat.util.threads.TaskThread$WrappingRunnable.run(TaskThread.java:63) ~[tomcat-embed-core-10.1.43.jar:10.1.43]
	at java.base/java.lang.Thread.run(Thread.java:1447) ~[na:na]

2025-10-14T16:22:32.356+05:30  INFO 38346 --- [user-microservice] [SpringApplicationShutdownHook] [                                                 ] o.s.c.n.e.s.EurekaServiceRegistry        : Unregistering application USER-MICROSERVICE with eureka with status DOWN
2025-10-14T16:22:32.357+05:30  INFO 38346 --- [user-microservice] [SpringApplicationShutdownHook] [                                                 ] com.netflix.discovery.DiscoveryClient    : Saw local status change event StatusChangeEvent [timestamp=1760439152357, current=DOWN, previous=UP]
2025-10-14T16:22:32.357+05:30  INFO 38346 --- [user-microservice] [DiscoveryClient-InstanceInfoReplicator-%d] [                                                 ] com.netflix.discovery.DiscoveryClient    : DiscoveryClient_USER-MICROSERVICE/172.29.168.193:user-microservice:8082: registering service...
2025-10-14T16:22:32.364+05:30  INFO 38346 --- [user-microservice] [DiscoveryClient-InstanceInfoReplicator-%d] [                                                 ] com.netflix.discovery.DiscoveryClient    : DiscoveryClient_USER-MICROSERVICE/172.29.168.193:user-microservice:8082 - registration status: 204
2025-10-14T16:22:32.364+05:30  INFO 38346 --- [user-microservice] [SpringApplicationShutdownHook] [                                                 ] o.s.b.w.e.tomcat.GracefulShutdown        : Commencing graceful shutdown. Waiting for active requests to complete
2025-10-14T16:22:32.367+05:30  INFO 38346 --- [user-microservice] [tomcat-shutdown] [                                                 ] o.s.b.w.e.tomcat.GracefulShutdown        : Graceful shutdown complete
2025-10-14T16:22:32.651+05:30  INFO 38346 --- [user-microservice] [SpringApplicationShutdownHook] [                                                 ] o.s.a.r.l.SimpleMessageListenerContainer : Waiting for workers to finish.
2025-10-14T16:22:33.171+05:30  INFO 38346 --- [user-microservice] [SpringApplicationShutdownHook] [                                                 ] o.s.a.r.l.SimpleMessageListenerContainer : Successfully waited for workers to finish.
2025-10-14T16:22:33.172+05:30  INFO 38346 --- [user-microservice] [SpringApplicationShutdownHook] [                                                 ] o.s.i.a.i.AmqpInboundChannelAdapter      : stopped bean 'inbound.springCloudBus.anonymous.UwiZKMWiQAGTu9Q741Crng'
2025-10-14T16:22:33.181+05:30  INFO 38346 --- [user-microservice] [SpringApplicationShutdownHook] [                                                 ] o.s.c.stream.binder.BinderErrorChannel   : Channel 'user-microservice.rabbit-1453382929.springCloudBusInput.errors' has 1 subscriber(s).
2025-10-14T16:22:33.182+05:30  INFO 38346 --- [user-microservice] [SpringApplicationShutdownHook] [                                                 ] o.s.c.stream.binder.BinderErrorChannel   : Channel 'user-microservice.rabbit-1453382929.springCloudBusInput.errors' has 0 subscriber(s).
2025-10-14T16:22:33.834+05:30  INFO 38346 --- [user-microservice] [SpringApplicationShutdownHook] [                                                 ] o.s.i.endpoint.EventDrivenConsumer       : Removing {logging-channel-adapter:_org.springframework.integration.errorLogger} as a subscriber to the 'errorChannel' channel
2025-10-14T16:22:33.834+05:30  INFO 38346 --- [user-microservice] [SpringApplicationShutdownHook] [                                                 ] o.s.i.channel.PublishSubscribeChannel    : Channel 'user-microservice.errorChannel' has 0 subscriber(s).
2025-10-14T16:22:33.835+05:30  INFO 38346 --- [user-microservice] [SpringApplicationShutdownHook] [                                                 ] o.s.i.endpoint.EventDrivenConsumer       : stopped bean '_org.springframework.integration.errorLogger'
2025-10-14T16:22:34.722+05:30  INFO 38346 --- [user-microservice] [SpringApplicationShutdownHook] [                                                 ] com.netflix.discovery.DiscoveryClient    : Shutting down DiscoveryClient ...
2025-10-14T16:22:37.726+05:30  INFO 38346 --- [user-microservice] [SpringApplicationShutdownHook] [                                                 ] com.netflix.discovery.DiscoveryClient    : Unregistering ...
2025-10-14T16:22:37.739+05:30  INFO 38346 --- [user-microservice] [SpringApplicationShutdownHook] [                                                 ] com.netflix.discovery.DiscoveryClient    : DiscoveryClient_USER-MICROSERVICE/172.29.168.193:user-microservice:8082 - deregister  status: 200
2025-10-14T16:22:37.740+05:30  INFO 38346 --- [user-microservice] [SpringApplicationShutdownHook] [                                                 ] com.netflix.discovery.DiscoveryClient    : Completed shut down of DiscoveryClient
2025-10-14T16:22:45.096+05:30  INFO 40564 --- [user-microservice] [main] [                                                 ] com.app.ecomm.user.UserApplication       : Starting UserApplication using Java 24.0.1 with PID 40564 (/Users/kamleshwarpradhan/Downloads/eComm-Microservices/user/target/classes started by kamleshwarpradhan in /Users/kamleshwarpradhan/Downloads/eComm-Microservices)
2025-10-14T16:22:45.097+05:30  INFO 40564 --- [user-microservice] [main] [                                                 ] com.app.ecomm.user.UserApplication       : No active profile set, falling back to 1 default profile: "default"
2025-10-14T16:22:45.112+05:30  INFO 40564 --- [user-microservice] [main] [                                                 ] o.s.c.c.c.ConfigServerConfigDataLoader   : Fetching config from server at : http://localhost:8888
2025-10-14T16:22:45.113+05:30  INFO 40564 --- [user-microservice] [main] [                                                 ] o.s.c.c.c.ConfigServerConfigDataLoader   : Located environment: name=user-microservice, profiles=[default], label=null, version=null, state=null
2025-10-14T16:22:45.650+05:30  INFO 40564 --- [user-microservice] [main] [                                                 ] .s.d.r.c.RepositoryConfigurationDelegate : Bootstrapping Spring Data MongoDB repositories in DEFAULT mode.
2025-10-14T16:22:45.714+05:30  INFO 40564 --- [user-microservice] [main] [                                                 ] .s.d.r.c.RepositoryConfigurationDelegate : Finished Spring Data repository scanning in 60 ms. Found 1 MongoDB repository interface.
2025-10-14T16:22:45.793+05:30  INFO 40564 --- [user-microservice] [main] [                                                 ] faultConfiguringBeanFactoryPostProcessor : No bean named 'errorChannel' has been explicitly defined. Therefore, a default PublishSubscribeChannel will be created.
2025-10-14T16:22:45.798+05:30  INFO 40564 --- [user-microservice] [main] [                                                 ] faultConfiguringBeanFactoryPostProcessor : No bean named 'integrationHeaderChannelRegistry' has been explicitly defined. Therefore, a default DefaultHeaderChannelRegistry will be created.
2025-10-14T16:22:45.853+05:30  INFO 40564 --- [user-microservice] [main] [                                                 ] o.s.cloud.context.scope.GenericScope     : BeanFactory id=ca25f68d-b1bb-3b4c-ab00-bcb6487255da
2025-10-14T16:22:46.015+05:30  INFO 40564 --- [user-microservice] [main] [                                                 ] o.s.b.w.embedded.tomcat.TomcatWebServer  : Tomcat initialized with port 8082 (http)
2025-10-14T16:22:46.023+05:30  INFO 40564 --- [user-microservice] [main] [                                                 ] o.apache.catalina.core.StandardService   : Starting service [Tomcat]
2025-10-14T16:22:46.023+05:30  INFO 40564 --- [user-microservice] [main] [                                                 ] o.apache.catalina.core.StandardEngine    : Starting Servlet engine: [Apache Tomcat/10.1.43]
2025-10-14T16:22:46.055+05:30  INFO 40564 --- [user-microservice] [main] [                                                 ] o.a.c.c.C.[Tomcat].[localhost].[/]       : Initializing Spring embedded WebApplicationContext
2025-10-14T16:22:46.056+05:30  INFO 40564 --- [user-microservice] [main] [                                                 ] w.s.c.ServletWebServerApplicationContext : Root WebApplicationContext: initialization completed in 942 ms
2025-10-14T16:22:46.378+05:30  INFO 40564 --- [user-microservice] [main] [                                                 ] org.mongodb.driver.client                : MongoClient with metadata {"driver": {"name": "mongo-java-driver|sync|spring-boot", "version": "5.5.1"}, "os": {"type": "Darwin", "name": "Mac OS X", "architecture": "aarch64", "version": "26.0.1"}, "platform": "Java/Oracle Corporation/24.0.1+9-30"} created with settings MongoClientSettings{readPreference=primary, writeConcern=WriteConcern{w=null, wTimeout=null ms, journal=null}, retryWrites=true, retryReads=true, readConcern=ReadConcern{level=null}, credential=null, transportSettings=null, commandListeners=[io.micrometer.core.instrument.binder.mongodb.MongoMetricsCommandListener@68b3979d], codecRegistry=ProvidersCodecRegistry{codecProviders=[ValueCodecProvider{}, BsonValueCodecProvider{}, DBRefCodecProvider{}, DBObjectCodecProvider{}, DocumentCodecProvider{}, CollectionCodecProvider{}, IterableCodecProvider{}, MapCodecProvider{}, GeoJsonCodecProvider{}, GridFSFileCodecProvider{}, Jsr310CodecProvider{}, JsonObjectCodecProvider{}, BsonCodecProvider{}, EnumCodecProvider{}, com.mongodb.client.model.mql.ExpressionCodecProvider@5fd31df7, com.mongodb.Jep395RecordCodecProvider@61d150af, com.mongodb.KotlinCodecProvider@2c8f65da]}, loggerSettings=LoggerSettings{maxDocumentLength=1000}, clusterSettings={hosts=[localhost:27017], srvServiceName=mongodb, mode=SINGLE, requiredClusterType=UNKNOWN, requiredReplicaSetName='null', serverSelector='null', clusterListeners='[]', serverSelectionTimeout='30000 ms', localThreshold='15 ms'}, socketSettings=SocketSettings{connectTimeoutMS=10000, readTimeoutMS=0, receiveBufferSize=0, proxySettings=ProxySettings{host=null, port=null, username=null, password=null}}, heartbeatSocketSettings=SocketSettings{connectTimeoutMS=10000, readTimeoutMS=10000, receiveBufferSize=0, proxySettings=ProxySettings{host=null, port=null, username=null, password=null}}, connectionPoolSettings=ConnectionPoolSettings{maxSize=100, minSize=0, maxWaitTimeMS=120000, maxConnectionLifeTimeMS=0, maxConnectionIdleTimeMS=0, maintenanceInitialDelayMS=0, maintenanceFrequencyMS=60000, connectionPoolListeners=[io.micrometer.core.instrument.binder.mongodb.MongoMetricsConnectionPoolListener@587400a9], maxConnecting=2}, serverSettings=ServerSettings{heartbeatFrequencyMS=10000, minHeartbeatFrequencyMS=500, serverMonitoringMode=AUTO, serverListeners='[]', serverMonitorListeners='[]'}, sslSettings=SslSettings{enabled=false, invalidHostNameAllowed=false, context=null}, applicationName='null', compressorList=[], uuidRepresentation=JAVA_LEGACY, serverApi=null, autoEncryptionSettings=null, dnsClient=null, inetAddressResolver=null, contextProvider=null, timeoutMS=null}
2025-10-14T16:22:46.400+05:30  INFO 40564 --- [user-microservice] [cluster-ClusterId{value='68ee2b7e355b27b13e263339', description='null'}-localhost:27017] [                                                 ] org.mongodb.driver.cluster               : Monitor thread successfully connected to server with description ServerDescription{address=localhost:27017, type=STANDALONE, cryptd=false, state=CONNECTED, ok=true, minWireVersion=0, maxWireVersion=25, maxDocumentSize=16777216, logicalSessionTimeoutMinutes=30, roundTripTimeNanos=25437958, minRoundTripTimeNanos=0}
2025-10-14T16:22:46.924+05:30  WARN 40564 --- [user-microservice] [main] [                                                 ] c.f.c.c.BeanFactoryAwareFunctionRegistry : Failed to locate function 'busConsumer' for function definition 'busConsumer'. Returning null.
2025-10-14T16:22:46.953+05:30  INFO 40564 --- [user-microservice] [main] [                                                 ] o.s.c.s.m.DirectWithAttributesChannel    : Channel 'user-microservice.springCloudBusInput' has 1 subscriber(s).
2025-10-14T16:22:47.053+05:30  INFO 40564 --- [user-microservice] [main] [                                                 ] DiscoveryClientOptionalArgsConfiguration : Eureka HTTP Client uses RestTemplate.
2025-10-14T16:22:47.075+05:30  WARN 40564 --- [user-microservice] [main] [                                                 ] iguration$LoadBalancerCaffeineWarnLogger : Spring Cloud LoadBalancer is currently working with the default cache. While this cache implementation is useful for development and tests, it's recommended to use Caffeine cache in production.You can switch to using Caffeine cache, by adding it and org.springframework.cache.caffeine.CaffeineCacheManager to the classpath.
2025-10-14T16:22:47.079+05:30  INFO 40564 --- [user-microservice] [main] [                                                 ] o.s.b.a.e.web.EndpointLinksResolver      : Exposing 25 endpoints beneath base path '/actuator'
2025-10-14T16:22:47.146+05:30  INFO 40564 --- [user-microservice] [main] [                                                 ] figuration$IntegrationJmxConfiguration$1 : Registering MessageChannel errorChannel
2025-10-14T16:22:47.150+05:30  INFO 40564 --- [user-microservice] [main] [                                                 ] figuration$IntegrationJmxConfiguration$1 : Registering MessageChannel springCloudBusInput
2025-10-14T16:22:47.152+05:30  INFO 40564 --- [user-microservice] [main] [                                                 ] figuration$IntegrationJmxConfiguration$1 : Registering MessageChannel nullChannel
2025-10-14T16:22:47.155+05:30  INFO 40564 --- [user-microservice] [main] [                                                 ] figuration$IntegrationJmxConfiguration$1 : Registering MessageHandler _org.springframework.integration.errorLogger
2025-10-14T16:22:47.160+05:30  INFO 40564 --- [user-microservice] [main] [                                                 ] o.s.i.endpoint.EventDrivenConsumer       : Adding {logging-channel-adapter:_org.springframework.integration.errorLogger} as a subscriber to the 'errorChannel' channel
2025-10-14T16:22:47.161+05:30  INFO 40564 --- [user-microservice] [main] [                                                 ] o.s.i.channel.PublishSubscribeChannel    : Channel 'user-microservice.errorChannel' has 1 subscriber(s).
2025-10-14T16:22:47.161+05:30  INFO 40564 --- [user-microservice] [main] [                                                 ] o.s.i.endpoint.EventDrivenConsumer       : started bean '_org.springframework.integration.errorLogger'
2025-10-14T16:22:47.191+05:30  INFO 40564 --- [user-microservice] [main] [                                                 ] o.s.c.n.eureka.InstanceInfoFactory       : Setting initial instance status as: STARTING
2025-10-14T16:22:47.205+05:30  INFO 40564 --- [user-microservice] [main] [                                                 ] com.netflix.discovery.DiscoveryClient    : Initializing Eureka in region us-east-1
2025-10-14T16:22:47.209+05:30  INFO 40564 --- [user-microservice] [main] [                                                 ] c.n.d.s.r.aws.ConfigClusterResolver      : Resolving eureka endpoints via configuration
2025-10-14T16:22:47.214+05:30  INFO 40564 --- [user-microservice] [main] [                                                 ] com.netflix.discovery.DiscoveryClient    : Disable delta property : false
2025-10-14T16:22:47.214+05:30  INFO 40564 --- [user-microservice] [main] [                                                 ] com.netflix.discovery.DiscoveryClient    : Single vip registry refresh property : null
2025-10-14T16:22:47.214+05:30  INFO 40564 --- [user-microservice] [main] [                                                 ] com.netflix.discovery.DiscoveryClient    : Force full registry fetch : false
2025-10-14T16:22:47.214+05:30  INFO 40564 --- [user-microservice] [main] [                                                 ] com.netflix.discovery.DiscoveryClient    : Application is null : false
2025-10-14T16:22:47.214+05:30  INFO 40564 --- [user-microservice] [main] [                                                 ] com.netflix.discovery.DiscoveryClient    : Registered Applications size is zero : true
2025-10-14T16:22:47.214+05:30  INFO 40564 --- [user-microservice] [main] [                                                 ] com.netflix.discovery.DiscoveryClient    : Application version is -1: true
2025-10-14T16:22:47.214+05:30  INFO 40564 --- [user-microservice] [main] [                                                 ] com.netflix.discovery.DiscoveryClient    : Getting all instance registry info from the eureka server
2025-10-14T16:22:47.315+05:30  INFO 40564 --- [user-microservice] [main] [                                                 ] com.netflix.discovery.DiscoveryClient    : The response status is 200
2025-10-14T16:22:47.316+05:30  INFO 40564 --- [user-microservice] [main] [                                                 ] com.netflix.discovery.DiscoveryClient    : Starting heartbeat executor: renew interval is: 30
2025-10-14T16:22:47.317+05:30  INFO 40564 --- [user-microservice] [main] [                                                 ] c.n.discovery.InstanceInfoReplicator     : InstanceInfoReplicator onDemand update allowed rate per min is 4
2025-10-14T16:22:47.317+05:30  INFO 40564 --- [user-microservice] [main] [                                                 ] com.netflix.discovery.DiscoveryClient    : Discovery Client initialized at timestamp 1760439167317 with initial instances count: 4
2025-10-14T16:22:47.319+05:30  INFO 40564 --- [user-microservice] [main] [                                                 ] o.s.c.n.e.s.EurekaServiceRegistry        : Registering application USER-MICROSERVICE with eureka with status UP
2025-10-14T16:22:47.319+05:30  INFO 40564 --- [user-microservice] [main] [                                                 ] com.netflix.discovery.DiscoveryClient    : Saw local status change event StatusChangeEvent [timestamp=1760439167319, current=UP, previous=STARTING]
2025-10-14T16:22:47.320+05:30  INFO 40564 --- [user-microservice] [DiscoveryClient-InstanceInfoReplicator-%d] [                                                 ] com.netflix.discovery.DiscoveryClient    : DiscoveryClient_USER-MICROSERVICE/172.29.168.193:user-microservice:8082: registering service...
2025-10-14T16:22:47.320+05:30  INFO 40564 --- [user-microservice] [main] [                                                 ] o.s.c.s.binder.DefaultBinderFactory      : Creating binder: rabbit
2025-10-14T16:22:47.320+05:30  INFO 40564 --- [user-microservice] [main] [                                                 ] o.s.c.s.binder.DefaultBinderFactory      : Constructing binder child context for rabbit
2025-10-14T16:22:47.339+05:30  INFO 40564 --- [user-microservice] [DiscoveryClient-InstanceInfoReplicator-%d] [                                                 ] com.netflix.discovery.DiscoveryClient    : DiscoveryClient_USER-MICROSERVICE/172.29.168.193:user-microservice:8082 - registration status: 204
2025-10-14T16:22:47.373+05:30  INFO 40564 --- [user-microservice] [main] [                                                 ] o.s.c.s.binder.DefaultBinderFactory      : Caching the binder: rabbit
2025-10-14T16:22:47.380+05:30  INFO 40564 --- [user-microservice] [main] [                                                 ] c.s.b.r.p.RabbitExchangeQueueProvisioner : declaring queue for inbound: springCloudBus.anonymous.FM8FlfFjR-CVbrNqusqm0Q, bound to: springCloudBus
2025-10-14T16:22:47.382+05:30  INFO 40564 --- [user-microservice] [main] [                                                 ] o.s.a.r.c.CachingConnectionFactory       : Attempting to connect to: [shrimp.rmq.cloudamqp.com:5672]
2025-10-14T16:22:48.364+05:30  WARN 40564 --- [user-microservice] [AsyncReporter{ZipkinHttpClientSender{http://localhost:9411/api/v2/spans}}] [                                                 ] z.r.i.AsyncReporter$BoundedAsyncReporter : Spans were dropped due to exceptions. All subsequent errors will be logged at FINE level.
2025-10-14T16:22:48.364+05:30  WARN 40564 --- [user-microservice] [AsyncReporter{ZipkinHttpClientSender{http://localhost:9411/api/v2/spans}}] [                                                 ] z.r.i.AsyncReporter$BoundedAsyncReporter : Dropped 2 spans due to ConnectException()

java.net.ConnectException: null
	at java.net.http/jdk.internal.net.http.HttpClientImpl.send(HttpClientImpl.java:923) ~[java.net.http:na]
	at java.net.http/jdk.internal.net.http.HttpClientFacade.send(HttpClientFacade.java:133) ~[java.net.http:na]
	at org.springframework.boot.actuate.autoconfigure.tracing.zipkin.ZipkinHttpClientSender.postSpans(ZipkinHttpClientSender.java:60) ~[spring-boot-actuator-autoconfigure-3.5.4.jar:3.5.4]
	at org.springframework.boot.actuate.autoconfigure.tracing.zipkin.HttpSender.postSpans(HttpSender.java:69) ~[spring-boot-actuator-autoconfigure-3.5.4.jar:3.5.4]
	at org.springframework.boot.actuate.autoconfigure.tracing.zipkin.HttpSender.postSpans(HttpSender.java:41) ~[spring-boot-actuator-autoconfigure-3.5.4.jar:3.5.4]
	at zipkin2.reporter.BaseHttpSender.send(BaseHttpSender.java:123) ~[zipkin-reporter-3.5.1.jar:na]
	at zipkin2.reporter.internal.AsyncReporter$BoundedAsyncReporter.flush(AsyncReporter.java:266) ~[zipkin-reporter-3.5.1.jar:na]
	at zipkin2.reporter.internal.AsyncReporter$Flusher.run(AsyncReporter.java:352) ~[zipkin-reporter-3.5.1.jar:na]
	at java.base/java.lang.Thread.run(Thread.java:1447) ~[na:na]
Caused by: java.net.ConnectException: null
	at java.net.http/jdk.internal.net.http.common.Utils.toConnectException(Utils.java:1046) ~[java.net.http:na]
	at java.net.http/jdk.internal.net.http.PlainHttpConnection.connectAsync(PlainHttpConnection.java:215) ~[java.net.http:na]
	at java.net.http/jdk.internal.net.http.PlainHttpConnection.checkRetryConnect(PlainHttpConnection.java:268) ~[java.net.http:na]
	at java.net.http/jdk.internal.net.http.PlainHttpConnection.lambda$connectAsync$0(PlainHttpConnection.java:226) ~[java.net.http:na]
	at java.base/java.util.concurrent.CompletableFuture.uniHandle(CompletableFuture.java:980) ~[na:na]
	at java.base/java.util.concurrent.CompletableFuture$UniHandle.tryFire(CompletableFuture.java:957) ~[na:na]
	at java.base/java.util.concurrent.CompletableFuture.postComplete(CompletableFuture.java:556) ~[na:na]
	at java.base/java.util.concurrent.CompletableFuture$AsyncSupply.run(CompletableFuture.java:1819) ~[na:na]
	at java.base/java.util.concurrent.ThreadPoolExecutor.runWorker(ThreadPoolExecutor.java:1095) ~[na:na]
	at java.base/java.util.concurrent.ThreadPoolExecutor$Worker.run(ThreadPoolExecutor.java:619) ~[na:na]
	... 1 common frames omitted
Caused by: java.nio.channels.ClosedChannelException: null
	at java.base/sun.nio.ch.SocketChannelImpl.ensureOpen(SocketChannelImpl.java:204) ~[na:na]
	at java.base/sun.nio.ch.SocketChannelImpl.connect(SocketChannelImpl.java:942) ~[na:na]
	at java.net.http/jdk.internal.net.http.PlainHttpConnection.connectAsync(PlainHttpConnection.java:203) ~[java.net.http:na]
	... 9 common frames omitted

2025-10-14T16:22:48.558+05:30  INFO 40564 --- [user-microservice] [main] [                                                 ] o.s.a.r.c.CachingConnectionFactory       : Created new connection: rabbitConnectionFactory#2351255a:0/SimpleConnection@4ba56bbe [delegate=amqp://evlcdmdm@3.132.110.14:5672/evlcdmdm, localPort=54994]
2025-10-14T16:22:49.784+05:30  INFO 40564 --- [user-microservice] [main] [                                                 ] o.s.c.stream.binder.BinderErrorChannel   : Channel 'rabbit-1891846203.springCloudBusInput.errors' has 1 subscriber(s).
2025-10-14T16:22:49.785+05:30  INFO 40564 --- [user-microservice] [main] [                                                 ] o.s.c.stream.binder.BinderErrorChannel   : Channel 'rabbit-1891846203.springCloudBusInput.errors' has 2 subscriber(s).
2025-10-14T16:22:50.624+05:30  INFO 40564 --- [user-microservice] [main] [                                                 ] o.s.i.a.i.AmqpInboundChannelAdapter      : started bean 'inbound.springCloudBus.anonymous.FM8FlfFjR-CVbrNqusqm0Q'
2025-10-14T16:22:50.641+05:30  INFO 40564 --- [user-microservice] [main] [                                                 ] o.s.b.w.embedded.tomcat.TomcatWebServer  : Tomcat started on port 8082 (http) with context path '/'
2025-10-14T16:22:50.642+05:30  INFO 40564 --- [user-microservice] [main] [                                                 ] .s.c.n.e.s.EurekaAutoServiceRegistration : Updating port to 8082
2025-10-14T16:22:50.677+05:30  INFO 40564 --- [user-microservice] [main] [                                                 ] figuration$IntegrationJmxConfiguration$1 : Registering MessageChannel rabbit-1891846203.springCloudBusInput.errors
2025-10-14T16:22:50.698+05:30  INFO 40564 --- [user-microservice] [main] [                                                 ] com.app.ecomm.user.UserApplication       : Started UserApplication in 6.04 seconds (process running for 11.892)
2025-10-14T16:22:51.145+05:30  INFO 40564 --- [user-microservice] [RMI TCP Connection(4)-172.29.168.193] [                                                 ] o.a.c.c.C.[Tomcat].[localhost].[/]       : Initializing Spring DispatcherServlet 'dispatcherServlet'
2025-10-14T16:22:51.145+05:30  INFO 40564 --- [user-microservice] [RMI TCP Connection(4)-172.29.168.193] [                                                 ] o.s.web.servlet.DispatcherServlet        : Initializing Servlet 'dispatcherServlet'
2025-10-14T16:22:51.146+05:30  INFO 40564 --- [user-microservice] [RMI TCP Connection(4)-172.29.168.193] [                                                 ] o.s.web.servlet.DispatcherServlet        : Completed initialization in 1 ms
2025-10-14T16:22:59.577+05:30  INFO 40564 --- [user-microservice] [SpringApplicationShutdownHook] [                                                 ] o.s.c.n.e.s.EurekaServiceRegistry        : Unregistering application USER-MICROSERVICE with eureka with status DOWN
2025-10-14T16:22:59.577+05:30  INFO 40564 --- [user-microservice] [SpringApplicationShutdownHook] [                                                 ] com.netflix.discovery.DiscoveryClient    : Saw local status change event StatusChangeEvent [timestamp=1760439179577, current=DOWN, previous=UP]
2025-10-14T16:22:59.577+05:30  INFO 40564 --- [user-microservice] [DiscoveryClient-InstanceInfoReplicator-%d] [                                                 ] com.netflix.discovery.DiscoveryClient    : DiscoveryClient_USER-MICROSERVICE/172.29.168.193:user-microservice:8082: registering service...
2025-10-14T16:22:59.579+05:30  INFO 40564 --- [user-microservice] [SpringApplicationShutdownHook] [                                                 ] o.s.b.w.e.tomcat.GracefulShutdown        : Commencing graceful shutdown. Waiting for active requests to complete
2025-10-14T16:22:59.581+05:30  INFO 40564 --- [user-microservice] [tomcat-shutdown] [                                                 ] o.s.b.w.e.tomcat.GracefulShutdown        : Graceful shutdown complete
2025-10-14T16:22:59.583+05:30  INFO 40564 --- [user-microservice] [DiscoveryClient-InstanceInfoReplicator-%d] [                                                 ] com.netflix.discovery.DiscoveryClient    : DiscoveryClient_USER-MICROSERVICE/172.29.168.193:user-microservice:8082 - registration status: 204
2025-10-14T16:22:59.939+05:30  INFO 40564 --- [user-microservice] [SpringApplicationShutdownHook] [                                                 ] o.s.a.r.l.SimpleMessageListenerContainer : Waiting for workers to finish.
2025-10-14T16:22:59.939+05:30  INFO 40564 --- [user-microservice] [SpringApplicationShutdownHook] [                                                 ] o.s.a.r.l.SimpleMessageListenerContainer : Successfully waited for workers to finish.
2025-10-14T16:22:59.940+05:30  INFO 40564 --- [user-microservice] [SpringApplicationShutdownHook] [                                                 ] o.s.i.a.i.AmqpInboundChannelAdapter      : stopped bean 'inbound.springCloudBus.anonymous.FM8FlfFjR-CVbrNqusqm0Q'
2025-10-14T16:22:59.946+05:30  INFO 40564 --- [user-microservice] [SpringApplicationShutdownHook] [                                                 ] o.s.c.stream.binder.BinderErrorChannel   : Channel 'user-microservice.rabbit-1891846203.springCloudBusInput.errors' has 1 subscriber(s).
2025-10-14T16:22:59.947+05:30  INFO 40564 --- [user-microservice] [SpringApplicationShutdownHook] [                                                 ] o.s.c.stream.binder.BinderErrorChannel   : Channel 'user-microservice.rabbit-1891846203.springCloudBusInput.errors' has 0 subscriber(s).
2025-10-14T16:23:00.466+05:30  INFO 40564 --- [user-microservice] [SpringApplicationShutdownHook] [                                                 ] o.s.i.endpoint.EventDrivenConsumer       : Removing {logging-channel-adapter:_org.springframework.integration.errorLogger} as a subscriber to the 'errorChannel' channel
2025-10-14T16:23:00.466+05:30  INFO 40564 --- [user-microservice] [SpringApplicationShutdownHook] [                                                 ] o.s.i.channel.PublishSubscribeChannel    : Channel 'user-microservice.errorChannel' has 0 subscriber(s).
2025-10-14T16:23:00.467+05:30  INFO 40564 --- [user-microservice] [SpringApplicationShutdownHook] [                                                 ] o.s.i.endpoint.EventDrivenConsumer       : stopped bean '_org.springframework.integration.errorLogger'
2025-10-14T16:23:01.421+05:30  INFO 40564 --- [user-microservice] [SpringApplicationShutdownHook] [                                                 ] com.netflix.discovery.DiscoveryClient    : Shutting down DiscoveryClient ...
2025-10-14T16:23:04.426+05:30  INFO 40564 --- [user-microservice] [SpringApplicationShutdownHook] [                                                 ] com.netflix.discovery.DiscoveryClient    : Unregistering ...
2025-10-14T16:23:04.442+05:30  INFO 40564 --- [user-microservice] [SpringApplicationShutdownHook] [                                                 ] com.netflix.discovery.DiscoveryClient    : DiscoveryClient_USER-MICROSERVICE/172.29.168.193:user-microservice:8082 - deregister  status: 200
2025-10-14T16:23:04.443+05:30  INFO 40564 --- [user-microservice] [SpringApplicationShutdownHook] [                                                 ] com.netflix.discovery.DiscoveryClient    : Completed shut down of DiscoveryClient
2025-10-14T16:23:28.332+05:30  INFO 40735 --- [user-microservice] [main] [                                                 ] com.app.ecomm.user.UserApplication       : Starting UserApplication using Java 24.0.1 with PID 40735 (/Users/kamleshwarpradhan/Downloads/eComm-Microservices/user/target/classes started by kamleshwarpradhan in /Users/kamleshwarpradhan/Downloads/eComm-Microservices)
2025-10-14T16:23:28.334+05:30  INFO 40735 --- [user-microservice] [main] [                                                 ] com.app.ecomm.user.UserApplication       : No active profile set, falling back to 1 default profile: "default"
2025-10-14T16:23:28.348+05:30  INFO 40735 --- [user-microservice] [main] [                                                 ] o.s.c.c.c.ConfigServerConfigDataLoader   : Fetching config from server at : http://localhost:8888
2025-10-14T16:23:28.348+05:30  INFO 40735 --- [user-microservice] [main] [                                                 ] o.s.c.c.c.ConfigServerConfigDataLoader   : Located environment: name=user-microservice, profiles=[default], label=null, version=null, state=null
2025-10-14T16:23:28.827+05:30  INFO 40735 --- [user-microservice] [main] [                                                 ] .s.d.r.c.RepositoryConfigurationDelegate : Bootstrapping Spring Data MongoDB repositories in DEFAULT mode.
2025-10-14T16:23:28.885+05:30  INFO 40735 --- [user-microservice] [main] [                                                 ] .s.d.r.c.RepositoryConfigurationDelegate : Finished Spring Data repository scanning in 56 ms. Found 1 MongoDB repository interface.
2025-10-14T16:23:28.962+05:30  INFO 40735 --- [user-microservice] [main] [                                                 ] faultConfiguringBeanFactoryPostProcessor : No bean named 'errorChannel' has been explicitly defined. Therefore, a default PublishSubscribeChannel will be created.
2025-10-14T16:23:28.965+05:30  INFO 40735 --- [user-microservice] [main] [                                                 ] faultConfiguringBeanFactoryPostProcessor : No bean named 'integrationHeaderChannelRegistry' has been explicitly defined. Therefore, a default DefaultHeaderChannelRegistry will be created.
2025-10-14T16:23:29.016+05:30  INFO 40735 --- [user-microservice] [main] [                                                 ] o.s.cloud.context.scope.GenericScope     : BeanFactory id=ca25f68d-b1bb-3b4c-ab00-bcb6487255da
2025-10-14T16:23:29.185+05:30  INFO 40735 --- [user-microservice] [main] [                                                 ] o.s.b.w.embedded.tomcat.TomcatWebServer  : Tomcat initialized with port 8082 (http)
2025-10-14T16:23:29.192+05:30  INFO 40735 --- [user-microservice] [main] [                                                 ] o.apache.catalina.core.StandardService   : Starting service [Tomcat]
2025-10-14T16:23:29.192+05:30  INFO 40735 --- [user-microservice] [main] [                                                 ] o.apache.catalina.core.StandardEngine    : Starting Servlet engine: [Apache Tomcat/10.1.43]
2025-10-14T16:23:29.223+05:30  INFO 40735 --- [user-microservice] [main] [                                                 ] o.a.c.c.C.[Tomcat].[localhost].[/]       : Initializing Spring embedded WebApplicationContext
2025-10-14T16:23:29.223+05:30  INFO 40735 --- [user-microservice] [main] [                                                 ] w.s.c.ServletWebServerApplicationContext : Root WebApplicationContext: initialization completed in 874 ms
2025-10-14T16:23:29.509+05:30  INFO 40735 --- [user-microservice] [main] [                                                 ] org.mongodb.driver.client                : MongoClient with metadata {"driver": {"name": "mongo-java-driver|sync|spring-boot", "version": "5.5.1"}, "os": {"type": "Darwin", "name": "Mac OS X", "architecture": "aarch64", "version": "26.0.1"}, "platform": "Java/Oracle Corporation/24.0.1+9-30"} created with settings MongoClientSettings{readPreference=primary, writeConcern=WriteConcern{w=null, wTimeout=null ms, journal=null}, retryWrites=true, retryReads=true, readConcern=ReadConcern{level=null}, credential=null, transportSettings=null, commandListeners=[io.micrometer.core.instrument.binder.mongodb.MongoMetricsCommandListener@1d57b8f1], codecRegistry=ProvidersCodecRegistry{codecProviders=[ValueCodecProvider{}, BsonValueCodecProvider{}, DBRefCodecProvider{}, DBObjectCodecProvider{}, DocumentCodecProvider{}, CollectionCodecProvider{}, IterableCodecProvider{}, MapCodecProvider{}, GeoJsonCodecProvider{}, GridFSFileCodecProvider{}, Jsr310CodecProvider{}, JsonObjectCodecProvider{}, BsonCodecProvider{}, EnumCodecProvider{}, com.mongodb.client.model.mql.ExpressionCodecProvider@6e5af973, com.mongodb.Jep395RecordCodecProvider@39a2e77d, com.mongodb.KotlinCodecProvider@1aee6983]}, loggerSettings=LoggerSettings{maxDocumentLength=1000}, clusterSettings={hosts=[localhost:27017], srvServiceName=mongodb, mode=SINGLE, requiredClusterType=UNKNOWN, requiredReplicaSetName='null', serverSelector='null', clusterListeners='[]', serverSelectionTimeout='30000 ms', localThreshold='15 ms'}, socketSettings=SocketSettings{connectTimeoutMS=10000, readTimeoutMS=0, receiveBufferSize=0, proxySettings=ProxySettings{host=null, port=null, username=null, password=null}}, heartbeatSocketSettings=SocketSettings{connectTimeoutMS=10000, readTimeoutMS=10000, receiveBufferSize=0, proxySettings=ProxySettings{host=null, port=null, username=null, password=null}}, connectionPoolSettings=ConnectionPoolSettings{maxSize=100, minSize=0, maxWaitTimeMS=120000, maxConnectionLifeTimeMS=0, maxConnectionIdleTimeMS=0, maintenanceInitialDelayMS=0, maintenanceFrequencyMS=60000, connectionPoolListeners=[io.micrometer.core.instrument.binder.mongodb.MongoMetricsConnectionPoolListener@3adeca1f], maxConnecting=2}, serverSettings=ServerSettings{heartbeatFrequencyMS=10000, minHeartbeatFrequencyMS=500, serverMonitoringMode=AUTO, serverListeners='[]', serverMonitorListeners='[]'}, sslSettings=SslSettings{enabled=false, invalidHostNameAllowed=false, context=null}, applicationName='null', compressorList=[], uuidRepresentation=JAVA_LEGACY, serverApi=null, autoEncryptionSettings=null, dnsClient=null, inetAddressResolver=null, contextProvider=null, timeoutMS=null}
2025-10-14T16:23:29.515+05:30  INFO 40735 --- [user-microservice] [cluster-ClusterId{value='68ee2ba9780b94043c807c00', description='null'}-localhost:27017] [                                                 ] org.mongodb.driver.cluster               : Monitor thread successfully connected to server with description ServerDescription{address=localhost:27017, type=STANDALONE, cryptd=false, state=CONNECTED, ok=true, minWireVersion=0, maxWireVersion=25, maxDocumentSize=16777216, logicalSessionTimeoutMinutes=30, roundTripTimeNanos=7633125, minRoundTripTimeNanos=0}
2025-10-14T16:23:30.090+05:30  WARN 40735 --- [user-microservice] [main] [                                                 ] c.f.c.c.BeanFactoryAwareFunctionRegistry : Failed to locate function 'busConsumer' for function definition 'busConsumer'. Returning null.
2025-10-14T16:23:30.133+05:30  INFO 40735 --- [user-microservice] [main] [                                                 ] o.s.c.s.m.DirectWithAttributesChannel    : Channel 'user-microservice.springCloudBusInput' has 1 subscriber(s).
2025-10-14T16:23:30.252+05:30  INFO 40735 --- [user-microservice] [main] [                                                 ] DiscoveryClientOptionalArgsConfiguration : Eureka HTTP Client uses RestTemplate.
2025-10-14T16:23:30.275+05:30  WARN 40735 --- [user-microservice] [main] [                                                 ] iguration$LoadBalancerCaffeineWarnLogger : Spring Cloud LoadBalancer is currently working with the default cache. While this cache implementation is useful for development and tests, it's recommended to use Caffeine cache in production.You can switch to using Caffeine cache, by adding it and org.springframework.cache.caffeine.CaffeineCacheManager to the classpath.
2025-10-14T16:23:30.279+05:30  INFO 40735 --- [user-microservice] [main] [                                                 ] o.s.b.a.e.web.EndpointLinksResolver      : Exposing 25 endpoints beneath base path '/actuator'
2025-10-14T16:23:30.350+05:30  INFO 40735 --- [user-microservice] [main] [                                                 ] figuration$IntegrationJmxConfiguration$1 : Registering MessageChannel errorChannel
2025-10-14T16:23:30.354+05:30  INFO 40735 --- [user-microservice] [main] [                                                 ] figuration$IntegrationJmxConfiguration$1 : Registering MessageChannel springCloudBusInput
2025-10-14T16:23:30.357+05:30  INFO 40735 --- [user-microservice] [main] [                                                 ] figuration$IntegrationJmxConfiguration$1 : Registering MessageChannel nullChannel
2025-10-14T16:23:30.360+05:30  INFO 40735 --- [user-microservice] [main] [                                                 ] figuration$IntegrationJmxConfiguration$1 : Registering MessageHandler _org.springframework.integration.errorLogger
2025-10-14T16:23:30.366+05:30  INFO 40735 --- [user-microservice] [main] [                                                 ] o.s.i.endpoint.EventDrivenConsumer       : Adding {logging-channel-adapter:_org.springframework.integration.errorLogger} as a subscriber to the 'errorChannel' channel
2025-10-14T16:23:30.366+05:30  INFO 40735 --- [user-microservice] [main] [                                                 ] o.s.i.channel.PublishSubscribeChannel    : Channel 'user-microservice.errorChannel' has 1 subscriber(s).
2025-10-14T16:23:30.366+05:30  INFO 40735 --- [user-microservice] [main] [                                                 ] o.s.i.endpoint.EventDrivenConsumer       : started bean '_org.springframework.integration.errorLogger'
2025-10-14T16:23:30.404+05:30  INFO 40735 --- [user-microservice] [main] [                                                 ] o.s.c.n.eureka.InstanceInfoFactory       : Setting initial instance status as: STARTING
2025-10-14T16:23:30.415+05:30  INFO 40735 --- [user-microservice] [main] [                                                 ] com.netflix.discovery.DiscoveryClient    : Initializing Eureka in region us-east-1
2025-10-14T16:23:30.417+05:30  INFO 40735 --- [user-microservice] [main] [                                                 ] c.n.d.s.r.aws.ConfigClusterResolver      : Resolving eureka endpoints via configuration
2025-10-14T16:23:30.421+05:30  INFO 40735 --- [user-microservice] [main] [                                                 ] com.netflix.discovery.DiscoveryClient    : Disable delta property : false
2025-10-14T16:23:30.421+05:30  INFO 40735 --- [user-microservice] [main] [                                                 ] com.netflix.discovery.DiscoveryClient    : Single vip registry refresh property : null
2025-10-14T16:23:30.421+05:30  INFO 40735 --- [user-microservice] [main] [                                                 ] com.netflix.discovery.DiscoveryClient    : Force full registry fetch : false
2025-10-14T16:23:30.421+05:30  INFO 40735 --- [user-microservice] [main] [                                                 ] com.netflix.discovery.DiscoveryClient    : Application is null : false
2025-10-14T16:23:30.421+05:30  INFO 40735 --- [user-microservice] [main] [                                                 ] com.netflix.discovery.DiscoveryClient    : Registered Applications size is zero : true
2025-10-14T16:23:30.421+05:30  INFO 40735 --- [user-microservice] [main] [                                                 ] com.netflix.discovery.DiscoveryClient    : Application version is -1: true
2025-10-14T16:23:30.421+05:30  INFO 40735 --- [user-microservice] [main] [                                                 ] com.netflix.discovery.DiscoveryClient    : Getting all instance registry info from the eureka server
2025-10-14T16:23:30.538+05:30  INFO 40735 --- [user-microservice] [main] [                                                 ] com.netflix.discovery.DiscoveryClient    : The response status is 200
2025-10-14T16:23:30.539+05:30  INFO 40735 --- [user-microservice] [main] [                                                 ] com.netflix.discovery.DiscoveryClient    : Starting heartbeat executor: renew interval is: 30
2025-10-14T16:23:30.540+05:30  INFO 40735 --- [user-microservice] [main] [                                                 ] c.n.discovery.InstanceInfoReplicator     : InstanceInfoReplicator onDemand update allowed rate per min is 4
2025-10-14T16:23:30.541+05:30  INFO 40735 --- [user-microservice] [main] [                                                 ] com.netflix.discovery.DiscoveryClient    : Discovery Client initialized at timestamp 1760439210540 with initial instances count: 3
2025-10-14T16:23:30.542+05:30  INFO 40735 --- [user-microservice] [main] [                                                 ] o.s.c.n.e.s.EurekaServiceRegistry        : Registering application USER-MICROSERVICE with eureka with status UP
2025-10-14T16:23:30.543+05:30  INFO 40735 --- [user-microservice] [main] [                                                 ] com.netflix.discovery.DiscoveryClient    : Saw local status change event StatusChangeEvent [timestamp=1760439210543, current=UP, previous=STARTING]
2025-10-14T16:23:30.543+05:30  INFO 40735 --- [user-microservice] [DiscoveryClient-InstanceInfoReplicator-%d] [                                                 ] com.netflix.discovery.DiscoveryClient    : DiscoveryClient_USER-MICROSERVICE/172.29.168.193:user-microservice:8082: registering service...
2025-10-14T16:23:30.544+05:30  INFO 40735 --- [user-microservice] [main] [                                                 ] o.s.c.s.binder.DefaultBinderFactory      : Creating binder: rabbit
2025-10-14T16:23:30.544+05:30  INFO 40735 --- [user-microservice] [main] [                                                 ] o.s.c.s.binder.DefaultBinderFactory      : Constructing binder child context for rabbit
2025-10-14T16:23:30.562+05:30  INFO 40735 --- [user-microservice] [DiscoveryClient-InstanceInfoReplicator-%d] [                                                 ] com.netflix.discovery.DiscoveryClient    : DiscoveryClient_USER-MICROSERVICE/172.29.168.193:user-microservice:8082 - registration status: 204
2025-10-14T16:23:30.606+05:30  INFO 40735 --- [user-microservice] [main] [                                                 ] o.s.c.s.binder.DefaultBinderFactory      : Caching the binder: rabbit
2025-10-14T16:23:30.613+05:30  INFO 40735 --- [user-microservice] [main] [                                                 ] c.s.b.r.p.RabbitExchangeQueueProvisioner : declaring queue for inbound: springCloudBus.anonymous.TCZvBTNtRue2Pa78e8nr7Q, bound to: springCloudBus
2025-10-14T16:23:30.616+05:30  INFO 40735 --- [user-microservice] [main] [                                                 ] o.s.a.r.c.CachingConnectionFactory       : Attempting to connect to: [shrimp.rmq.cloudamqp.com:5672]
2025-10-14T16:23:31.576+05:30  WARN 40735 --- [user-microservice] [AsyncReporter{ZipkinHttpClientSender{http://localhost:9411/api/v2/spans}}] [                                                 ] z.r.i.AsyncReporter$BoundedAsyncReporter : Spans were dropped due to exceptions. All subsequent errors will be logged at FINE level.
2025-10-14T16:23:31.577+05:30  WARN 40735 --- [user-microservice] [AsyncReporter{ZipkinHttpClientSender{http://localhost:9411/api/v2/spans}}] [                                                 ] z.r.i.AsyncReporter$BoundedAsyncReporter : Dropped 2 spans due to ConnectException()

java.net.ConnectException: null
	at java.net.http/jdk.internal.net.http.HttpClientImpl.send(HttpClientImpl.java:923) ~[java.net.http:na]
	at java.net.http/jdk.internal.net.http.HttpClientFacade.send(HttpClientFacade.java:133) ~[java.net.http:na]
	at org.springframework.boot.actuate.autoconfigure.tracing.zipkin.ZipkinHttpClientSender.postSpans(ZipkinHttpClientSender.java:60) ~[spring-boot-actuator-autoconfigure-3.5.4.jar:3.5.4]
	at org.springframework.boot.actuate.autoconfigure.tracing.zipkin.HttpSender.postSpans(HttpSender.java:69) ~[spring-boot-actuator-autoconfigure-3.5.4.jar:3.5.4]
	at org.springframework.boot.actuate.autoconfigure.tracing.zipkin.HttpSender.postSpans(HttpSender.java:41) ~[spring-boot-actuator-autoconfigure-3.5.4.jar:3.5.4]
	at zipkin2.reporter.BaseHttpSender.send(BaseHttpSender.java:123) ~[zipkin-reporter-3.5.1.jar:na]
	at zipkin2.reporter.internal.AsyncReporter$BoundedAsyncReporter.flush(AsyncReporter.java:266) ~[zipkin-reporter-3.5.1.jar:na]
	at zipkin2.reporter.internal.AsyncReporter$Flusher.run(AsyncReporter.java:352) ~[zipkin-reporter-3.5.1.jar:na]
	at java.base/java.lang.Thread.run(Thread.java:1447) ~[na:na]
Caused by: java.net.ConnectException: null
	at java.net.http/jdk.internal.net.http.common.Utils.toConnectException(Utils.java:1046) ~[java.net.http:na]
	at java.net.http/jdk.internal.net.http.PlainHttpConnection.connectAsync(PlainHttpConnection.java:215) ~[java.net.http:na]
	at java.net.http/jdk.internal.net.http.PlainHttpConnection.checkRetryConnect(PlainHttpConnection.java:268) ~[java.net.http:na]
	at java.net.http/jdk.internal.net.http.PlainHttpConnection.lambda$connectAsync$0(PlainHttpConnection.java:226) ~[java.net.http:na]
	at java.base/java.util.concurrent.CompletableFuture.uniHandle(CompletableFuture.java:980) ~[na:na]
	at java.base/java.util.concurrent.CompletableFuture$UniHandle.tryFire(CompletableFuture.java:957) ~[na:na]
	at java.base/java.util.concurrent.CompletableFuture.postComplete(CompletableFuture.java:556) ~[na:na]
	at java.base/java.util.concurrent.CompletableFuture$AsyncSupply.run(CompletableFuture.java:1819) ~[na:na]
	at java.base/java.util.concurrent.ThreadPoolExecutor.runWorker(ThreadPoolExecutor.java:1095) ~[na:na]
	at java.base/java.util.concurrent.ThreadPoolExecutor$Worker.run(ThreadPoolExecutor.java:619) ~[na:na]
	... 1 common frames omitted
Caused by: java.nio.channels.ClosedChannelException: null
	at java.base/sun.nio.ch.SocketChannelImpl.ensureOpen(SocketChannelImpl.java:204) ~[na:na]
	at java.base/sun.nio.ch.SocketChannelImpl.connect(SocketChannelImpl.java:942) ~[na:na]
	at java.net.http/jdk.internal.net.http.PlainHttpConnection.connectAsync(PlainHttpConnection.java:203) ~[java.net.http:na]
	... 9 common frames omitted

2025-10-14T16:23:31.704+05:30  INFO 40735 --- [user-microservice] [main] [                                                 ] o.s.a.r.c.CachingConnectionFactory       : Created new connection: rabbitConnectionFactory#52a8f789:0/SimpleConnection@45accb5 [delegate=amqp://evlcdmdm@3.132.110.14:5672/evlcdmdm, localPort=55057]
2025-10-14T16:23:32.852+05:30  INFO 40735 --- [user-microservice] [main] [                                                 ] o.s.c.stream.binder.BinderErrorChannel   : Channel 'rabbit-1871685498.springCloudBusInput.errors' has 1 subscriber(s).
2025-10-14T16:23:32.853+05:30  INFO 40735 --- [user-microservice] [main] [                                                 ] o.s.c.stream.binder.BinderErrorChannel   : Channel 'rabbit-1871685498.springCloudBusInput.errors' has 2 subscriber(s).
2025-10-14T16:23:33.611+05:30  INFO 40735 --- [user-microservice] [main] [                                                 ] o.s.i.a.i.AmqpInboundChannelAdapter      : started bean 'inbound.springCloudBus.anonymous.TCZvBTNtRue2Pa78e8nr7Q'
2025-10-14T16:23:33.627+05:30  INFO 40735 --- [user-microservice] [main] [                                                 ] o.s.b.w.embedded.tomcat.TomcatWebServer  : Tomcat started on port 8082 (http) with context path '/'
2025-10-14T16:23:33.629+05:30  INFO 40735 --- [user-microservice] [main] [                                                 ] .s.c.n.e.s.EurekaAutoServiceRegistration : Updating port to 8082
2025-10-14T16:23:33.661+05:30  INFO 40735 --- [user-microservice] [main] [                                                 ] figuration$IntegrationJmxConfiguration$1 : Registering MessageChannel rabbit-1871685498.springCloudBusInput.errors
2025-10-14T16:23:33.684+05:30  INFO 40735 --- [user-microservice] [main] [                                                 ] com.app.ecomm.user.UserApplication       : Started UserApplication in 5.801 seconds (process running for 11.356)
2025-10-14T16:23:33.895+05:30  INFO 40735 --- [user-microservice] [RMI TCP Connection(4)-172.29.168.193] [                                                 ] o.a.c.c.C.[Tomcat].[localhost].[/]       : Initializing Spring DispatcherServlet 'dispatcherServlet'
2025-10-14T16:23:33.896+05:30  INFO 40735 --- [user-microservice] [RMI TCP Connection(4)-172.29.168.193] [                                                 ] o.s.web.servlet.DispatcherServlet        : Initializing Servlet 'dispatcherServlet'
2025-10-14T16:23:33.898+05:30  INFO 40735 --- [user-microservice] [RMI TCP Connection(4)-172.29.168.193] [                                                 ] o.s.web.servlet.DispatcherServlet        : Completed initialization in 1 ms
2025-10-14T16:25:10.891+05:30 ERROR 40735 --- [user-microservice] [http-nio-8082-exec-1] [                                                 ] o.a.c.c.C.[.[.[/].[dispatcherServlet]    : Servlet.service() for servlet [dispatcherServlet] in context with path [] threw exception [Request processing failed: org.springframework.web.client.HttpClientErrorException$Unauthorized: 401 Unauthorized on POST request for "http://localhost:8431/realms/ecomm-app/protocol/openid-connect/token": [no body]] with root cause

org.springframework.web.client.HttpClientErrorException$Unauthorized: 401 Unauthorized on POST request for "http://localhost:8431/realms/ecomm-app/protocol/openid-connect/token": [no body]
	at org.springframework.web.client.HttpClientErrorException.create(HttpClientErrorException.java:106) ~[spring-web-6.2.9.jar:6.2.9]
	at org.springframework.web.client.DefaultResponseErrorHandler.handleError(DefaultResponseErrorHandler.java:186) ~[spring-web-6.2.9.jar:6.2.9]
	at org.springframework.web.client.DefaultResponseErrorHandler.handleError(DefaultResponseErrorHandler.java:147) ~[spring-web-6.2.9.jar:6.2.9]
	at org.springframework.web.client.RestTemplate.handleResponse(RestTemplate.java:953) ~[spring-web-6.2.9.jar:6.2.9]
	at org.springframework.web.client.RestTemplate.doExecute(RestTemplate.java:902) ~[spring-web-6.2.9.jar:6.2.9]
	at org.springframework.web.client.RestTemplate.execute(RestTemplate.java:801) ~[spring-web-6.2.9.jar:6.2.9]
	at org.springframework.web.client.RestTemplate.postForEntity(RestTemplate.java:549) ~[spring-web-6.2.9.jar:6.2.9]
	at com.app.ecomm.user.Services.KeyCloakAdminService.getAdminAccessToken(KeyCloakAdminService.java:55) ~[classes/:na]
	at com.app.ecomm.user.Services.UserService.adduser(UserService.java:38) ~[classes/:na]
	at com.app.ecomm.user.controller.UserController.createUser(UserController.java:61) ~[classes/:na]
	at java.base/jdk.internal.reflect.DirectMethodHandleAccessor.invoke(DirectMethodHandleAccessor.java:104) ~[na:na]
	at java.base/java.lang.reflect.Method.invoke(Method.java:565) ~[na:na]
	at org.springframework.web.method.support.InvocableHandlerMethod.doInvoke(InvocableHandlerMethod.java:258) ~[spring-web-6.2.9.jar:6.2.9]
	at org.springframework.web.method.support.InvocableHandlerMethod.invokeForRequest(InvocableHandlerMethod.java:191) ~[spring-web-6.2.9.jar:6.2.9]
	at org.springframework.web.servlet.mvc.method.annotation.ServletInvocableHandlerMethod.invokeAndHandle(ServletInvocableHandlerMethod.java:118) ~[spring-webmvc-6.2.9.jar:6.2.9]
	at org.springframework.web.servlet.mvc.method.annotation.RequestMappingHandlerAdapter.invokeHandlerMethod(RequestMappingHandlerAdapter.java:991) ~[spring-webmvc-6.2.9.jar:6.2.9]
	at org.springframework.web.servlet.mvc.method.annotation.RequestMappingHandlerAdapter.handleInternal(RequestMappingHandlerAdapter.java:896) ~[spring-webmvc-6.2.9.jar:6.2.9]
	at org.springframework.web.servlet.mvc.method.AbstractHandlerMethodAdapter.handle(AbstractHandlerMethodAdapter.java:87) ~[spring-webmvc-6.2.9.jar:6.2.9]
	at org.springframework.web.servlet.DispatcherServlet.doDispatch(DispatcherServlet.java:1089) ~[spring-webmvc-6.2.9.jar:6.2.9]
	at org.springframework.web.servlet.DispatcherServlet.doService(DispatcherServlet.java:979) ~[spring-webmvc-6.2.9.jar:6.2.9]
	at org.springframework.web.servlet.FrameworkServlet.processRequest(FrameworkServlet.java:1014) ~[spring-webmvc-6.2.9.jar:6.2.9]
	at org.springframework.web.servlet.FrameworkServlet.doPost(FrameworkServlet.java:914) ~[spring-webmvc-6.2.9.jar:6.2.9]
	at jakarta.servlet.http.HttpServlet.service(HttpServlet.java:590) ~[tomcat-embed-core-10.1.43.jar:6.0]
	at org.springframework.web.servlet.FrameworkServlet.service(FrameworkServlet.java:885) ~[spring-webmvc-6.2.9.jar:6.2.9]
	at jakarta.servlet.http.HttpServlet.service(HttpServlet.java:658) ~[tomcat-embed-core-10.1.43.jar:6.0]
	at org.apache.catalina.core.ApplicationFilterChain.internalDoFilter(ApplicationFilterChain.java:195) ~[tomcat-embed-core-10.1.43.jar:10.1.43]
	at org.apache.catalina.core.ApplicationFilterChain.doFilter(ApplicationFilterChain.java:140) ~[tomcat-embed-core-10.1.43.jar:10.1.43]
	at org.apache.tomcat.websocket.server.WsFilter.doFilter(WsFilter.java:51) ~[tomcat-embed-websocket-10.1.43.jar:10.1.43]
	at org.apache.catalina.core.ApplicationFilterChain.internalDoFilter(ApplicationFilterChain.java:164) ~[tomcat-embed-core-10.1.43.jar:10.1.43]
	at org.apache.catalina.core.ApplicationFilterChain.doFilter(ApplicationFilterChain.java:140) ~[tomcat-embed-core-10.1.43.jar:10.1.43]
	at org.springframework.web.filter.RequestContextFilter.doFilterInternal(RequestContextFilter.java:100) ~[spring-web-6.2.9.jar:6.2.9]
	at org.springframework.web.filter.OncePerRequestFilter.doFilter(OncePerRequestFilter.java:116) ~[spring-web-6.2.9.jar:6.2.9]
	at org.apache.catalina.core.ApplicationFilterChain.internalDoFilter(ApplicationFilterChain.java:164) ~[tomcat-embed-core-10.1.43.jar:10.1.43]
	at org.apache.catalina.core.ApplicationFilterChain.doFilter(ApplicationFilterChain.java:140) ~[tomcat-embed-core-10.1.43.jar:10.1.43]
	at org.springframework.web.filter.FormContentFilter.doFilterInternal(FormContentFilter.java:93) ~[spring-web-6.2.9.jar:6.2.9]
	at org.springframework.web.filter.OncePerRequestFilter.doFilter(OncePerRequestFilter.java:116) ~[spring-web-6.2.9.jar:6.2.9]
	at org.apache.catalina.core.ApplicationFilterChain.internalDoFilter(ApplicationFilterChain.java:164) ~[tomcat-embed-core-10.1.43.jar:10.1.43]
	at org.apache.catalina.core.ApplicationFilterChain.doFilter(ApplicationFilterChain.java:140) ~[tomcat-embed-core-10.1.43.jar:10.1.43]
	at org.springframework.web.filter.ServerHttpObservationFilter.doFilterInternal(ServerHttpObservationFilter.java:110) ~[spring-web-6.2.9.jar:6.2.9]
	at org.springframework.web.filter.OncePerRequestFilter.doFilter(OncePerRequestFilter.java:116) ~[spring-web-6.2.9.jar:6.2.9]
	at org.apache.catalina.core.ApplicationFilterChain.internalDoFilter(ApplicationFilterChain.java:164) ~[tomcat-embed-core-10.1.43.jar:10.1.43]
	at org.apache.catalina.core.ApplicationFilterChain.doFilter(ApplicationFilterChain.java:140) ~[tomcat-embed-core-10.1.43.jar:10.1.43]
	at org.springframework.web.filter.CharacterEncodingFilter.doFilterInternal(CharacterEncodingFilter.java:201) ~[spring-web-6.2.9.jar:6.2.9]
	at org.springframework.web.filter.OncePerRequestFilter.doFilter(OncePerRequestFilter.java:116) ~[spring-web-6.2.9.jar:6.2.9]
	at org.apache.catalina.core.ApplicationFilterChain.internalDoFilter(ApplicationFilterChain.java:164) ~[tomcat-embed-core-10.1.43.jar:10.1.43]
	at org.apache.catalina.core.ApplicationFilterChain.doFilter(ApplicationFilterChain.java:140) ~[tomcat-embed-core-10.1.43.jar:10.1.43]
	at org.apache.catalina.core.StandardWrapperValve.invoke(StandardWrapperValve.java:167) ~[tomcat-embed-core-10.1.43.jar:10.1.43]
	at org.apache.catalina.core.StandardContextValve.invoke(StandardContextValve.java:90) ~[tomcat-embed-core-10.1.43.jar:10.1.43]
	at org.apache.catalina.authenticator.AuthenticatorBase.invoke(AuthenticatorBase.java:483) ~[tomcat-embed-core-10.1.43.jar:10.1.43]
	at org.apache.catalina.core.StandardHostValve.invoke(StandardHostValve.java:116) ~[tomcat-embed-core-10.1.43.jar:10.1.43]
	at org.apache.catalina.valves.ErrorReportValve.invoke(ErrorReportValve.java:93) ~[tomcat-embed-core-10.1.43.jar:10.1.43]
	at org.apache.catalina.core.StandardEngineValve.invoke(StandardEngineValve.java:74) ~[tomcat-embed-core-10.1.43.jar:10.1.43]
	at org.apache.catalina.connector.CoyoteAdapter.service(CoyoteAdapter.java:344) ~[tomcat-embed-core-10.1.43.jar:10.1.43]
	at org.apache.coyote.http11.Http11Processor.service(Http11Processor.java:398) ~[tomcat-embed-core-10.1.43.jar:10.1.43]
	at org.apache.coyote.AbstractProcessorLight.process(AbstractProcessorLight.java:63) ~[tomcat-embed-core-10.1.43.jar:10.1.43]
	at org.apache.coyote.AbstractProtocol$ConnectionHandler.process(AbstractProtocol.java:903) ~[tomcat-embed-core-10.1.43.jar:10.1.43]
	at org.apache.tomcat.util.net.NioEndpoint$SocketProcessor.doRun(NioEndpoint.java:1769) ~[tomcat-embed-core-10.1.43.jar:10.1.43]
	at org.apache.tomcat.util.net.SocketProcessorBase.run(SocketProcessorBase.java:52) ~[tomcat-embed-core-10.1.43.jar:10.1.43]
	at org.apache.tomcat.util.threads.ThreadPoolExecutor.runWorker(ThreadPoolExecutor.java:1189) ~[tomcat-embed-core-10.1.43.jar:10.1.43]
	at org.apache.tomcat.util.threads.ThreadPoolExecutor$Worker.run(ThreadPoolExecutor.java:658) ~[tomcat-embed-core-10.1.43.jar:10.1.43]
	at org.apache.tomcat.util.threads.TaskThread$WrappingRunnable.run(TaskThread.java:63) ~[tomcat-embed-core-10.1.43.jar:10.1.43]
	at java.base/java.lang.Thread.run(Thread.java:1447) ~[na:na]

2025-10-14T16:26:04.126+05:30  INFO 40735 --- [user-microservice] [SpringApplicationShutdownHook] [                                                 ] o.s.c.n.e.s.EurekaServiceRegistry        : Unregistering application USER-MICROSERVICE with eureka with status DOWN
2025-10-14T16:26:04.128+05:30  INFO 40735 --- [user-microservice] [SpringApplicationShutdownHook] [                                                 ] com.netflix.discovery.DiscoveryClient    : Saw local status change event StatusChangeEvent [timestamp=1760439364128, current=DOWN, previous=UP]
2025-10-14T16:26:04.128+05:30  INFO 40735 --- [user-microservice] [DiscoveryClient-InstanceInfoReplicator-%d] [                                                 ] com.netflix.discovery.DiscoveryClient    : DiscoveryClient_USER-MICROSERVICE/172.29.168.193:user-microservice:8082: registering service...
2025-10-14T16:26:04.136+05:30  INFO 40735 --- [user-microservice] [DiscoveryClient-InstanceInfoReplicator-%d] [                                                 ] com.netflix.discovery.DiscoveryClient    : DiscoveryClient_USER-MICROSERVICE/172.29.168.193:user-microservice:8082 - registration status: 204
2025-10-14T16:26:04.139+05:30  INFO 40735 --- [user-microservice] [SpringApplicationShutdownHook] [                                                 ] o.s.b.w.e.tomcat.GracefulShutdown        : Commencing graceful shutdown. Waiting for active requests to complete
2025-10-14T16:26:04.142+05:30  INFO 40735 --- [user-microservice] [tomcat-shutdown] [                                                 ] o.s.b.w.e.tomcat.GracefulShutdown        : Graceful shutdown complete
2025-10-14T16:26:04.472+05:30  INFO 40735 --- [user-microservice] [SpringApplicationShutdownHook] [                                                 ] o.s.a.r.l.SimpleMessageListenerContainer : Waiting for workers to finish.
2025-10-14T16:26:05.075+05:30  INFO 40735 --- [user-microservice] [SpringApplicationShutdownHook] [                                                 ] o.s.a.r.l.SimpleMessageListenerContainer : Successfully waited for workers to finish.
2025-10-14T16:26:05.081+05:30  INFO 40735 --- [user-microservice] [SpringApplicationShutdownHook] [                                                 ] o.s.i.a.i.AmqpInboundChannelAdapter      : stopped bean 'inbound.springCloudBus.anonymous.TCZvBTNtRue2Pa78e8nr7Q'
2025-10-14T16:26:05.099+05:30  INFO 40735 --- [user-microservice] [SpringApplicationShutdownHook] [                                                 ] o.s.c.stream.binder.BinderErrorChannel   : Channel 'user-microservice.rabbit-1871685498.springCloudBusInput.errors' has 1 subscriber(s).
2025-10-14T16:26:05.101+05:30  INFO 40735 --- [user-microservice] [SpringApplicationShutdownHook] [                                                 ] o.s.c.stream.binder.BinderErrorChannel   : Channel 'user-microservice.rabbit-1871685498.springCloudBusInput.errors' has 0 subscriber(s).
2025-10-14T16:26:05.695+05:30  INFO 40735 --- [user-microservice] [SpringApplicationShutdownHook] [                                                 ] o.s.i.endpoint.EventDrivenConsumer       : Removing {logging-channel-adapter:_org.springframework.integration.errorLogger} as a subscriber to the 'errorChannel' channel
2025-10-14T16:26:05.695+05:30  INFO 40735 --- [user-microservice] [SpringApplicationShutdownHook] [                                                 ] o.s.i.channel.PublishSubscribeChannel    : Channel 'user-microservice.errorChannel' has 0 subscriber(s).
2025-10-14T16:26:05.696+05:30  INFO 40735 --- [user-microservice] [SpringApplicationShutdownHook] [                                                 ] o.s.i.endpoint.EventDrivenConsumer       : stopped bean '_org.springframework.integration.errorLogger'
2025-10-14T16:26:06.113+05:30  INFO 40735 --- [user-microservice] [SpringApplicationShutdownHook] [                                                 ] com.netflix.discovery.DiscoveryClient    : Shutting down DiscoveryClient ...
2025-10-14T16:26:09.118+05:30  INFO 40735 --- [user-microservice] [SpringApplicationShutdownHook] [                                                 ] com.netflix.discovery.DiscoveryClient    : Unregistering ...
2025-10-14T16:26:09.127+05:30  INFO 40735 --- [user-microservice] [SpringApplicationShutdownHook] [                                                 ] com.netflix.discovery.DiscoveryClient    : DiscoveryClient_USER-MICROSERVICE/172.29.168.193:user-microservice:8082 - deregister  status: 200
2025-10-14T16:26:09.128+05:30  INFO 40735 --- [user-microservice] [SpringApplicationShutdownHook] [                                                 ] com.netflix.discovery.DiscoveryClient    : Completed shut down of DiscoveryClient
2025-10-14T16:26:16.245+05:30  INFO 41358 --- [user-microservice] [main] [                                                 ] com.app.ecomm.user.UserApplication       : Starting UserApplication using Java 24.0.1 with PID 41358 (/Users/kamleshwarpradhan/Downloads/eComm-Microservices/user/target/classes started by kamleshwarpradhan in /Users/kamleshwarpradhan/Downloads/eComm-Microservices)
2025-10-14T16:26:16.246+05:30  INFO 41358 --- [user-microservice] [main] [                                                 ] com.app.ecomm.user.UserApplication       : No active profile set, falling back to 1 default profile: "default"
2025-10-14T16:26:16.260+05:30  INFO 41358 --- [user-microservice] [main] [                                                 ] o.s.c.c.c.ConfigServerConfigDataLoader   : Fetching config from server at : http://localhost:8888
2025-10-14T16:26:16.261+05:30  INFO 41358 --- [user-microservice] [main] [                                                 ] o.s.c.c.c.ConfigServerConfigDataLoader   : Located environment: name=user-microservice, profiles=[default], label=null, version=null, state=null
2025-10-14T16:26:16.767+05:30  INFO 41358 --- [user-microservice] [main] [                                                 ] .s.d.r.c.RepositoryConfigurationDelegate : Bootstrapping Spring Data MongoDB repositories in DEFAULT mode.
2025-10-14T16:26:16.830+05:30  INFO 41358 --- [user-microservice] [main] [                                                 ] .s.d.r.c.RepositoryConfigurationDelegate : Finished Spring Data repository scanning in 60 ms. Found 1 MongoDB repository interface.
2025-10-14T16:26:16.900+05:30  INFO 41358 --- [user-microservice] [main] [                                                 ] faultConfiguringBeanFactoryPostProcessor : No bean named 'errorChannel' has been explicitly defined. Therefore, a default PublishSubscribeChannel will be created.
2025-10-14T16:26:16.903+05:30  INFO 41358 --- [user-microservice] [main] [                                                 ] faultConfiguringBeanFactoryPostProcessor : No bean named 'integrationHeaderChannelRegistry' has been explicitly defined. Therefore, a default DefaultHeaderChannelRegistry will be created.
2025-10-14T16:26:16.956+05:30  INFO 41358 --- [user-microservice] [main] [                                                 ] o.s.cloud.context.scope.GenericScope     : BeanFactory id=ca25f68d-b1bb-3b4c-ab00-bcb6487255da
2025-10-14T16:26:17.145+05:30  INFO 41358 --- [user-microservice] [main] [                                                 ] o.s.b.w.embedded.tomcat.TomcatWebServer  : Tomcat initialized with port 8082 (http)
2025-10-14T16:26:17.152+05:30  INFO 41358 --- [user-microservice] [main] [                                                 ] o.apache.catalina.core.StandardService   : Starting service [Tomcat]
2025-10-14T16:26:17.152+05:30  INFO 41358 --- [user-microservice] [main] [                                                 ] o.apache.catalina.core.StandardEngine    : Starting Servlet engine: [Apache Tomcat/10.1.43]
2025-10-14T16:26:17.182+05:30  INFO 41358 --- [user-microservice] [main] [                                                 ] o.a.c.c.C.[Tomcat].[localhost].[/]       : Initializing Spring embedded WebApplicationContext
2025-10-14T16:26:17.183+05:30  INFO 41358 --- [user-microservice] [main] [                                                 ] w.s.c.ServletWebServerApplicationContext : Root WebApplicationContext: initialization completed in 921 ms
2025-10-14T16:26:17.467+05:30  INFO 41358 --- [user-microservice] [main] [                                                 ] org.mongodb.driver.client                : MongoClient with metadata {"driver": {"name": "mongo-java-driver|sync|spring-boot", "version": "5.5.1"}, "os": {"type": "Darwin", "name": "Mac OS X", "architecture": "aarch64", "version": "26.0.1"}, "platform": "Java/Oracle Corporation/24.0.1+9-30"} created with settings MongoClientSettings{readPreference=primary, writeConcern=WriteConcern{w=null, wTimeout=null ms, journal=null}, retryWrites=true, retryReads=true, readConcern=ReadConcern{level=null}, credential=null, transportSettings=null, commandListeners=[io.micrometer.core.instrument.binder.mongodb.MongoMetricsCommandListener@575e862c], codecRegistry=ProvidersCodecRegistry{codecProviders=[ValueCodecProvider{}, BsonValueCodecProvider{}, DBRefCodecProvider{}, DBObjectCodecProvider{}, DocumentCodecProvider{}, CollectionCodecProvider{}, IterableCodecProvider{}, MapCodecProvider{}, GeoJsonCodecProvider{}, GridFSFileCodecProvider{}, Jsr310CodecProvider{}, JsonObjectCodecProvider{}, BsonCodecProvider{}, EnumCodecProvider{}, com.mongodb.client.model.mql.ExpressionCodecProvider@1d57b8f1, com.mongodb.Jep395RecordCodecProvider@6e5af973, com.mongodb.KotlinCodecProvider@39a2e77d]}, loggerSettings=LoggerSettings{maxDocumentLength=1000}, clusterSettings={hosts=[localhost:27017], srvServiceName=mongodb, mode=SINGLE, requiredClusterType=UNKNOWN, requiredReplicaSetName='null', serverSelector='null', clusterListeners='[]', serverSelectionTimeout='30000 ms', localThreshold='15 ms'}, socketSettings=SocketSettings{connectTimeoutMS=10000, readTimeoutMS=0, receiveBufferSize=0, proxySettings=ProxySettings{host=null, port=null, username=null, password=null}}, heartbeatSocketSettings=SocketSettings{connectTimeoutMS=10000, readTimeoutMS=10000, receiveBufferSize=0, proxySettings=ProxySettings{host=null, port=null, username=null, password=null}}, connectionPoolSettings=ConnectionPoolSettings{maxSize=100, minSize=0, maxWaitTimeMS=120000, maxConnectionLifeTimeMS=0, maxConnectionIdleTimeMS=0, maintenanceInitialDelayMS=0, maintenanceFrequencyMS=60000, connectionPoolListeners=[io.micrometer.core.instrument.binder.mongodb.MongoMetricsConnectionPoolListener@1aee6983], maxConnecting=2}, serverSettings=ServerSettings{heartbeatFrequencyMS=10000, minHeartbeatFrequencyMS=500, serverMonitoringMode=AUTO, serverListeners='[]', serverMonitorListeners='[]'}, sslSettings=SslSettings{enabled=false, invalidHostNameAllowed=false, context=null}, applicationName='null', compressorList=[], uuidRepresentation=JAVA_LEGACY, serverApi=null, autoEncryptionSettings=null, dnsClient=null, inetAddressResolver=null, contextProvider=null, timeoutMS=null}
2025-10-14T16:26:17.473+05:30  INFO 41358 --- [user-microservice] [cluster-ClusterId{value='68ee2c511694475f6a232e5e', description='null'}-localhost:27017] [                                                 ] org.mongodb.driver.cluster               : Monitor thread successfully connected to server with description ServerDescription{address=localhost:27017, type=STANDALONE, cryptd=false, state=CONNECTED, ok=true, minWireVersion=0, maxWireVersion=25, maxDocumentSize=16777216, logicalSessionTimeoutMinutes=30, roundTripTimeNanos=8506667, minRoundTripTimeNanos=0}
2025-10-14T16:26:17.962+05:30  WARN 41358 --- [user-microservice] [main] [                                                 ] c.f.c.c.BeanFactoryAwareFunctionRegistry : Failed to locate function 'busConsumer' for function definition 'busConsumer'. Returning null.
2025-10-14T16:26:17.993+05:30  INFO 41358 --- [user-microservice] [main] [                                                 ] o.s.c.s.m.DirectWithAttributesChannel    : Channel 'user-microservice.springCloudBusInput' has 1 subscriber(s).
2025-10-14T16:26:18.086+05:30  INFO 41358 --- [user-microservice] [main] [                                                 ] DiscoveryClientOptionalArgsConfiguration : Eureka HTTP Client uses RestTemplate.
2025-10-14T16:26:18.104+05:30  WARN 41358 --- [user-microservice] [main] [                                                 ] iguration$LoadBalancerCaffeineWarnLogger : Spring Cloud LoadBalancer is currently working with the default cache. While this cache implementation is useful for development and tests, it's recommended to use Caffeine cache in production.You can switch to using Caffeine cache, by adding it and org.springframework.cache.caffeine.CaffeineCacheManager to the classpath.
2025-10-14T16:26:18.108+05:30  INFO 41358 --- [user-microservice] [main] [                                                 ] o.s.b.a.e.web.EndpointLinksResolver      : Exposing 25 endpoints beneath base path '/actuator'
2025-10-14T16:26:18.177+05:30  INFO 41358 --- [user-microservice] [main] [                                                 ] figuration$IntegrationJmxConfiguration$1 : Registering MessageChannel errorChannel
2025-10-14T16:26:18.181+05:30  INFO 41358 --- [user-microservice] [main] [                                                 ] figuration$IntegrationJmxConfiguration$1 : Registering MessageChannel springCloudBusInput
2025-10-14T16:26:18.184+05:30  INFO 41358 --- [user-microservice] [main] [                                                 ] figuration$IntegrationJmxConfiguration$1 : Registering MessageChannel nullChannel
2025-10-14T16:26:18.186+05:30  INFO 41358 --- [user-microservice] [main] [                                                 ] figuration$IntegrationJmxConfiguration$1 : Registering MessageHandler _org.springframework.integration.errorLogger
2025-10-14T16:26:18.192+05:30  INFO 41358 --- [user-microservice] [main] [                                                 ] o.s.i.endpoint.EventDrivenConsumer       : Adding {logging-channel-adapter:_org.springframework.integration.errorLogger} as a subscriber to the 'errorChannel' channel
2025-10-14T16:26:18.192+05:30  INFO 41358 --- [user-microservice] [main] [                                                 ] o.s.i.channel.PublishSubscribeChannel    : Channel 'user-microservice.errorChannel' has 1 subscriber(s).
2025-10-14T16:26:18.193+05:30  INFO 41358 --- [user-microservice] [main] [                                                 ] o.s.i.endpoint.EventDrivenConsumer       : started bean '_org.springframework.integration.errorLogger'
2025-10-14T16:26:18.225+05:30  INFO 41358 --- [user-microservice] [main] [                                                 ] o.s.c.n.eureka.InstanceInfoFactory       : Setting initial instance status as: STARTING
2025-10-14T16:26:18.238+05:30  INFO 41358 --- [user-microservice] [main] [                                                 ] com.netflix.discovery.DiscoveryClient    : Initializing Eureka in region us-east-1
2025-10-14T16:26:18.241+05:30  INFO 41358 --- [user-microservice] [main] [                                                 ] c.n.d.s.r.aws.ConfigClusterResolver      : Resolving eureka endpoints via configuration
2025-10-14T16:26:18.246+05:30  INFO 41358 --- [user-microservice] [main] [                                                 ] com.netflix.discovery.DiscoveryClient    : Disable delta property : false
2025-10-14T16:26:18.246+05:30  INFO 41358 --- [user-microservice] [main] [                                                 ] com.netflix.discovery.DiscoveryClient    : Single vip registry refresh property : null
2025-10-14T16:26:18.246+05:30  INFO 41358 --- [user-microservice] [main] [                                                 ] com.netflix.discovery.DiscoveryClient    : Force full registry fetch : false
2025-10-14T16:26:18.246+05:30  INFO 41358 --- [user-microservice] [main] [                                                 ] com.netflix.discovery.DiscoveryClient    : Application is null : false
2025-10-14T16:26:18.246+05:30  INFO 41358 --- [user-microservice] [main] [                                                 ] com.netflix.discovery.DiscoveryClient    : Registered Applications size is zero : true
2025-10-14T16:26:18.246+05:30  INFO 41358 --- [user-microservice] [main] [                                                 ] com.netflix.discovery.DiscoveryClient    : Application version is -1: true
2025-10-14T16:26:18.246+05:30  INFO 41358 --- [user-microservice] [main] [                                                 ] com.netflix.discovery.DiscoveryClient    : Getting all instance registry info from the eureka server
2025-10-14T16:26:18.352+05:30  INFO 41358 --- [user-microservice] [main] [                                                 ] com.netflix.discovery.DiscoveryClient    : The response status is 200
2025-10-14T16:26:18.352+05:30  INFO 41358 --- [user-microservice] [main] [                                                 ] com.netflix.discovery.DiscoveryClient    : Starting heartbeat executor: renew interval is: 30
2025-10-14T16:26:18.353+05:30  INFO 41358 --- [user-microservice] [main] [                                                 ] c.n.discovery.InstanceInfoReplicator     : InstanceInfoReplicator onDemand update allowed rate per min is 4
2025-10-14T16:26:18.353+05:30  INFO 41358 --- [user-microservice] [main] [                                                 ] com.netflix.discovery.DiscoveryClient    : Discovery Client initialized at timestamp 1760439378353 with initial instances count: 4
2025-10-14T16:26:18.355+05:30  INFO 41358 --- [user-microservice] [main] [                                                 ] o.s.c.n.e.s.EurekaServiceRegistry        : Registering application USER-MICROSERVICE with eureka with status UP
2025-10-14T16:26:18.355+05:30  INFO 41358 --- [user-microservice] [main] [                                                 ] com.netflix.discovery.DiscoveryClient    : Saw local status change event StatusChangeEvent [timestamp=1760439378355, current=UP, previous=STARTING]
2025-10-14T16:26:18.356+05:30  INFO 41358 --- [user-microservice] [DiscoveryClient-InstanceInfoReplicator-%d] [                                                 ] com.netflix.discovery.DiscoveryClient    : DiscoveryClient_USER-MICROSERVICE/172.29.168.193:user-microservice:8082: registering service...
2025-10-14T16:26:18.356+05:30  INFO 41358 --- [user-microservice] [main] [                                                 ] o.s.c.s.binder.DefaultBinderFactory      : Creating binder: rabbit
2025-10-14T16:26:18.356+05:30  INFO 41358 --- [user-microservice] [main] [                                                 ] o.s.c.s.binder.DefaultBinderFactory      : Constructing binder child context for rabbit
2025-10-14T16:26:18.374+05:30  INFO 41358 --- [user-microservice] [DiscoveryClient-InstanceInfoReplicator-%d] [                                                 ] com.netflix.discovery.DiscoveryClient    : DiscoveryClient_USER-MICROSERVICE/172.29.168.193:user-microservice:8082 - registration status: 204
2025-10-14T16:26:18.411+05:30  INFO 41358 --- [user-microservice] [main] [                                                 ] o.s.c.s.binder.DefaultBinderFactory      : Caching the binder: rabbit
2025-10-14T16:26:18.417+05:30  INFO 41358 --- [user-microservice] [main] [                                                 ] c.s.b.r.p.RabbitExchangeQueueProvisioner : declaring queue for inbound: springCloudBus.anonymous.N3EJNsLnSy-RtzjXPervwA, bound to: springCloudBus
2025-10-14T16:26:18.419+05:30  INFO 41358 --- [user-microservice] [main] [                                                 ] o.s.a.r.c.CachingConnectionFactory       : Attempting to connect to: [shrimp.rmq.cloudamqp.com:5672]
2025-10-14T16:26:19.400+05:30  WARN 41358 --- [user-microservice] [AsyncReporter{ZipkinHttpClientSender{http://localhost:9411/api/v2/spans}}] [                                                 ] z.r.i.AsyncReporter$BoundedAsyncReporter : Spans were dropped due to exceptions. All subsequent errors will be logged at FINE level.
2025-10-14T16:26:19.401+05:30  WARN 41358 --- [user-microservice] [AsyncReporter{ZipkinHttpClientSender{http://localhost:9411/api/v2/spans}}] [                                                 ] z.r.i.AsyncReporter$BoundedAsyncReporter : Dropped 2 spans due to ConnectException()

java.net.ConnectException: null
	at java.net.http/jdk.internal.net.http.HttpClientImpl.send(HttpClientImpl.java:923) ~[java.net.http:na]
	at java.net.http/jdk.internal.net.http.HttpClientFacade.send(HttpClientFacade.java:133) ~[java.net.http:na]
	at org.springframework.boot.actuate.autoconfigure.tracing.zipkin.ZipkinHttpClientSender.postSpans(ZipkinHttpClientSender.java:60) ~[spring-boot-actuator-autoconfigure-3.5.4.jar:3.5.4]
	at org.springframework.boot.actuate.autoconfigure.tracing.zipkin.HttpSender.postSpans(HttpSender.java:69) ~[spring-boot-actuator-autoconfigure-3.5.4.jar:3.5.4]
	at org.springframework.boot.actuate.autoconfigure.tracing.zipkin.HttpSender.postSpans(HttpSender.java:41) ~[spring-boot-actuator-autoconfigure-3.5.4.jar:3.5.4]
	at zipkin2.reporter.BaseHttpSender.send(BaseHttpSender.java:123) ~[zipkin-reporter-3.5.1.jar:na]
	at zipkin2.reporter.internal.AsyncReporter$BoundedAsyncReporter.flush(AsyncReporter.java:266) ~[zipkin-reporter-3.5.1.jar:na]
	at zipkin2.reporter.internal.AsyncReporter$Flusher.run(AsyncReporter.java:352) ~[zipkin-reporter-3.5.1.jar:na]
	at java.base/java.lang.Thread.run(Thread.java:1447) ~[na:na]
Caused by: java.net.ConnectException: null
	at java.net.http/jdk.internal.net.http.common.Utils.toConnectException(Utils.java:1046) ~[java.net.http:na]
	at java.net.http/jdk.internal.net.http.PlainHttpConnection.connectAsync(PlainHttpConnection.java:215) ~[java.net.http:na]
	at java.net.http/jdk.internal.net.http.PlainHttpConnection.checkRetryConnect(PlainHttpConnection.java:268) ~[java.net.http:na]
	at java.net.http/jdk.internal.net.http.PlainHttpConnection.lambda$connectAsync$0(PlainHttpConnection.java:226) ~[java.net.http:na]
	at java.base/java.util.concurrent.CompletableFuture.uniHandle(CompletableFuture.java:980) ~[na:na]
	at java.base/java.util.concurrent.CompletableFuture$UniHandle.tryFire(CompletableFuture.java:957) ~[na:na]
	at java.base/java.util.concurrent.CompletableFuture.postComplete(CompletableFuture.java:556) ~[na:na]
	at java.base/java.util.concurrent.CompletableFuture$AsyncSupply.run(CompletableFuture.java:1819) ~[na:na]
	at java.base/java.util.concurrent.ThreadPoolExecutor.runWorker(ThreadPoolExecutor.java:1095) ~[na:na]
	at java.base/java.util.concurrent.ThreadPoolExecutor$Worker.run(ThreadPoolExecutor.java:619) ~[na:na]
	... 1 common frames omitted
Caused by: java.nio.channels.ClosedChannelException: null
	at java.base/sun.nio.ch.SocketChannelImpl.ensureOpen(SocketChannelImpl.java:204) ~[na:na]
	at java.base/sun.nio.ch.SocketChannelImpl.connect(SocketChannelImpl.java:942) ~[na:na]
	at java.net.http/jdk.internal.net.http.PlainHttpConnection.connectAsync(PlainHttpConnection.java:203) ~[java.net.http:na]
	... 9 common frames omitted

2025-10-14T16:26:19.705+05:30  INFO 41358 --- [user-microservice] [main] [                                                 ] o.s.a.r.c.CachingConnectionFactory       : Created new connection: rabbitConnectionFactory#5b11d0d8:0/SimpleConnection@2fc698a9 [delegate=amqp://evlcdmdm@3.132.110.14:5672/evlcdmdm, localPort=55206]
2025-10-14T16:26:20.923+05:30  INFO 41358 --- [user-microservice] [main] [                                                 ] o.s.c.stream.binder.BinderErrorChannel   : Channel 'rabbit-483370168.springCloudBusInput.errors' has 1 subscriber(s).
2025-10-14T16:26:20.924+05:30  INFO 41358 --- [user-microservice] [main] [                                                 ] o.s.c.stream.binder.BinderErrorChannel   : Channel 'rabbit-483370168.springCloudBusInput.errors' has 2 subscriber(s).
2025-10-14T16:26:21.880+05:30  INFO 41358 --- [user-microservice] [main] [                                                 ] o.s.i.a.i.AmqpInboundChannelAdapter      : started bean 'inbound.springCloudBus.anonymous.N3EJNsLnSy-RtzjXPervwA'
2025-10-14T16:26:21.906+05:30  INFO 41358 --- [user-microservice] [main] [                                                 ] o.s.b.w.embedded.tomcat.TomcatWebServer  : Tomcat started on port 8082 (http) with context path '/'
2025-10-14T16:26:21.907+05:30  INFO 41358 --- [user-microservice] [main] [                                                 ] .s.c.n.e.s.EurekaAutoServiceRegistration : Updating port to 8082
2025-10-14T16:26:21.937+05:30  INFO 41358 --- [user-microservice] [main] [                                                 ] figuration$IntegrationJmxConfiguration$1 : Registering MessageChannel rabbit-483370168.springCloudBusInput.errors
2025-10-14T16:26:21.957+05:30  INFO 41358 --- [user-microservice] [main] [                                                 ] com.app.ecomm.user.UserApplication       : Started UserApplication in 6.117 seconds (process running for 11.972)
2025-10-14T16:26:22.403+05:30  INFO 41358 --- [user-microservice] [RMI TCP Connection(2)-172.29.168.193] [                                                 ] o.a.c.c.C.[Tomcat].[localhost].[/]       : Initializing Spring DispatcherServlet 'dispatcherServlet'
2025-10-14T16:26:22.403+05:30  INFO 41358 --- [user-microservice] [RMI TCP Connection(2)-172.29.168.193] [                                                 ] o.s.web.servlet.DispatcherServlet        : Initializing Servlet 'dispatcherServlet'
2025-10-14T16:26:22.404+05:30  INFO 41358 --- [user-microservice] [RMI TCP Connection(2)-172.29.168.193] [                                                 ] o.s.web.servlet.DispatcherServlet        : Completed initialization in 1 ms
2025-10-14T16:27:57.054+05:30  INFO 41358 --- [user-microservice] [http-nio-8082-exec-3] [68ee2cb467edb1552225d80b3a8898f4-7f213bbb3263acd3] c.a.e.user.controller.UserController     : Request recieved for user: 688a11fe553163233e6444aa
2025-10-14T16:31:18.243+05:30  INFO 41358 --- [user-microservice] [AsyncResolver-bootstrap-executor-%d] [                                                 ] c.n.d.s.r.aws.ConfigClusterResolver      : Resolving eureka endpoints via configuration
2025-10-14T16:36:18.250+05:30  INFO 41358 --- [user-microservice] [AsyncResolver-bootstrap-executor-%d] [                                                 ] c.n.d.s.r.aws.ConfigClusterResolver      : Resolving eureka endpoints via configuration
2025-10-14T16:41:18.250+05:30  INFO 41358 --- [user-microservice] [AsyncResolver-bootstrap-executor-%d] [                                                 ] c.n.d.s.r.aws.ConfigClusterResolver      : Resolving eureka endpoints via configuration
2025-10-14T16:47:17.468+05:30 ERROR 41358 --- [user-microservice] [AMQP Connection 3.132.110.14:5672] [                                                 ] c.r.c.impl.ForgivingExceptionHandler     : An unexpected connection driver error occurred

java.net.SocketException: Operation timed out
	at java.base/sun.nio.ch.SocketDispatcher.read0(Native Method) ~[na:na]
	at java.base/sun.nio.ch.SocketDispatcher.read(SocketDispatcher.java:47) ~[na:na]
	at java.base/sun.nio.ch.NioSocketImpl.tryRead(NioSocketImpl.java:255) ~[na:na]
	at java.base/sun.nio.ch.NioSocketImpl.timedRead(NioSocketImpl.java:280) ~[na:na]
	at java.base/sun.nio.ch.NioSocketImpl.implRead(NioSocketImpl.java:303) ~[na:na]
	at java.base/sun.nio.ch.NioSocketImpl.read(NioSocketImpl.java:345) ~[na:na]
	at java.base/sun.nio.ch.NioSocketImpl$1.read(NioSocketImpl.java:790) ~[na:na]
	at java.base/java.net.Socket$SocketInputStream.implRead(Socket.java:983) ~[na:na]
	at java.base/java.net.Socket$SocketInputStream.read(Socket.java:970) ~[na:na]
	at java.base/java.io.BufferedInputStream.fill(BufferedInputStream.java:289) ~[na:na]
	at java.base/java.io.BufferedInputStream.read(BufferedInputStream.java:308) ~[na:na]
	at java.base/java.io.DataInputStream.readUnsignedByte(DataInputStream.java:300) ~[na:na]
	at com.rabbitmq.client.impl.Frame.readFrom(Frame.java:91) ~[amqp-client-5.25.0.jar:5.25.0]
	at com.rabbitmq.client.impl.SocketFrameHandler.readFrame(SocketFrameHandler.java:199) ~[amqp-client-5.25.0.jar:5.25.0]
	at com.rabbitmq.client.impl.AMQConnection$MainLoop.run(AMQConnection.java:687) ~[amqp-client-5.25.0.jar:5.25.0]
	at java.base/java.lang.Thread.run(Thread.java:1447) ~[na:na]

2025-10-14T16:47:18.464+05:30  WARN 41358 --- [user-microservice] [springCloudBus.anonymous.N3EJNsLnSy-RtzjXPervwA-1] [                                                 ] o.s.a.r.l.SimpleMessageListenerContainer : Consumer raised exception, processing can restart if the connection factory supports it

com.rabbitmq.client.ShutdownSignalException: connection error
	at com.rabbitmq.client.impl.AMQConnection.startShutdown(AMQConnection.java:1007) ~[amqp-client-5.25.0.jar:5.25.0]
	at com.rabbitmq.client.impl.AMQConnection.shutdown(AMQConnection.java:997) ~[amqp-client-5.25.0.jar:5.25.0]
	at com.rabbitmq.client.impl.AMQConnection.handleFailure(AMQConnection.java:801) ~[amqp-client-5.25.0.jar:5.25.0]
	at com.rabbitmq.client.impl.AMQConnection.access$500(AMQConnection.java:48) ~[amqp-client-5.25.0.jar:5.25.0]
	at com.rabbitmq.client.impl.AMQConnection$MainLoop.run(AMQConnection.java:696) ~[amqp-client-5.25.0.jar:5.25.0]
	at java.base/java.lang.Thread.run(Thread.java:1447) ~[na:na]
Caused by: java.net.SocketException: Operation timed out
	at java.base/sun.nio.ch.SocketDispatcher.read0(Native Method) ~[na:na]
	at java.base/sun.nio.ch.SocketDispatcher.read(SocketDispatcher.java:47) ~[na:na]
	at java.base/sun.nio.ch.NioSocketImpl.tryRead(NioSocketImpl.java:255) ~[na:na]
	at java.base/sun.nio.ch.NioSocketImpl.timedRead(NioSocketImpl.java:280) ~[na:na]
	at java.base/sun.nio.ch.NioSocketImpl.implRead(NioSocketImpl.java:303) ~[na:na]
	at java.base/sun.nio.ch.NioSocketImpl.read(NioSocketImpl.java:345) ~[na:na]
	at java.base/sun.nio.ch.NioSocketImpl$1.read(NioSocketImpl.java:790) ~[na:na]
	at java.base/java.net.Socket$SocketInputStream.implRead(Socket.java:983) ~[na:na]
	at java.base/java.net.Socket$SocketInputStream.read(Socket.java:970) ~[na:na]
	at java.base/java.io.BufferedInputStream.fill(BufferedInputStream.java:289) ~[na:na]
	at java.base/java.io.BufferedInputStream.read(BufferedInputStream.java:308) ~[na:na]
	at java.base/java.io.DataInputStream.readUnsignedByte(DataInputStream.java:300) ~[na:na]
	at com.rabbitmq.client.impl.Frame.readFrom(Frame.java:91) ~[amqp-client-5.25.0.jar:5.25.0]
	at com.rabbitmq.client.impl.SocketFrameHandler.readFrame(SocketFrameHandler.java:199) ~[amqp-client-5.25.0.jar:5.25.0]
	at com.rabbitmq.client.impl.AMQConnection$MainLoop.run(AMQConnection.java:687) ~[amqp-client-5.25.0.jar:5.25.0]
	... 1 common frames omitted

2025-10-14T16:47:18.476+05:30  INFO 41358 --- [user-microservice] [springCloudBus.anonymous.N3EJNsLnSy-RtzjXPervwA-1] [                                                 ] o.s.a.r.l.SimpleMessageListenerContainer : Restarting Consumer@762261fd: tags=[[amq.ctag-Kmf105J5ckT9IrHEmmIg6Q]], channel=Cached Rabbit Channel: AMQChannel(amqp://evlcdmdm@3.132.110.14:5672/evlcdmdm,1), conn: Proxy@2298af09 Shared Rabbit Connection: SimpleConnection@2fc698a9 [delegate=amqp://evlcdmdm@3.132.110.14:5672/evlcdmdm, localPort=55206], acknowledgeMode=AUTO local queue size=0
2025-10-14T16:47:18.480+05:30  INFO 41358 --- [user-microservice] [springCloudBus.anonymous.N3EJNsLnSy-RtzjXPervwA-2] [                                                 ] o.s.a.r.c.CachingConnectionFactory       : Attempting to connect to: [shrimp.rmq.cloudamqp.com:5672]
2025-10-14T16:47:19.696+05:30  INFO 41358 --- [user-microservice] [springCloudBus.anonymous.N3EJNsLnSy-RtzjXPervwA-2] [                                                 ] o.s.a.r.c.CachingConnectionFactory       : Created new connection: rabbitConnectionFactory#5b11d0d8:1/SimpleConnection@5aad1715 [delegate=amqp://evlcdmdm@3.132.110.14:5672/evlcdmdm, localPort=56126]
2025-10-14T16:47:19.705+05:30  INFO 41358 --- [user-microservice] [springCloudBus.anonymous.N3EJNsLnSy-RtzjXPervwA-2] [                                                 ] o.s.amqp.rabbit.core.RabbitAdmin         : Auto-declaring a non-durable, auto-delete, or exclusive Queue (springCloudBus.anonymous.N3EJNsLnSy-RtzjXPervwA) durable:false, auto-delete:true, exclusive:true. It will be redeclared if the broker stops and is restarted while the connection factory is alive, but all messages will be lost.
2025-10-14T16:48:20.065+05:30  INFO 41358 --- [user-microservice] [AsyncResolver-bootstrap-executor-%d] [                                                 ] c.n.d.s.r.aws.ConfigClusterResolver      : Resolving eureka endpoints via configuration
2025-10-14T16:53:20.065+05:30  INFO 41358 --- [user-microservice] [AsyncResolver-bootstrap-executor-%d] [                                                 ] c.n.d.s.r.aws.ConfigClusterResolver      : Resolving eureka endpoints via configuration
2025-10-14T16:56:08.429+05:30  INFO 41358 --- [user-microservice] [SpringApplicationShutdownHook] [                                                 ] o.s.c.n.e.s.EurekaServiceRegistry        : Unregistering application USER-MICROSERVICE with eureka with status DOWN
2025-10-14T16:56:08.432+05:30  INFO 41358 --- [user-microservice] [SpringApplicationShutdownHook] [                                                 ] com.netflix.discovery.DiscoveryClient    : Saw local status change event StatusChangeEvent [timestamp=1760441168431, current=DOWN, previous=UP]
2025-10-14T16:56:08.434+05:30  INFO 41358 --- [user-microservice] [DiscoveryClient-InstanceInfoReplicator-%d] [                                                 ] com.netflix.discovery.DiscoveryClient    : DiscoveryClient_USER-MICROSERVICE/172.29.168.193:user-microservice:8082: registering service...
2025-10-14T16:56:08.481+05:30  INFO 41358 --- [user-microservice] [SpringApplicationShutdownHook] [                                                 ] o.s.b.w.e.tomcat.GracefulShutdown        : Commencing graceful shutdown. Waiting for active requests to complete
2025-10-14T16:56:08.497+05:30  INFO 41358 --- [user-microservice] [tomcat-shutdown] [                                                 ] o.s.b.w.e.tomcat.GracefulShutdown        : Graceful shutdown complete
2025-10-14T16:56:08.505+05:30  INFO 41358 --- [user-microservice] [DiscoveryClient-InstanceInfoReplicator-%d] [                                                 ] c.n.d.s.t.d.RedirectingEurekaHttpClient  : Request execution error. endpoint=DefaultEndpoint{ serviceUrl='http://localhost:8761/eureka/} exception=I/O error on POST request for "http://localhost:8761/eureka/apps/USER-MICROSERVICE": Connect to http://localhost:8761 failed: Connection refused stacktrace=org.springframework.web.client.ResourceAccessException: I/O error on POST request for "http://localhost:8761/eureka/apps/USER-MICROSERVICE": Connect to http://localhost:8761 failed: Connection refused
	at org.springframework.web.client.RestTemplate.createResourceAccessException(RestTemplate.java:926)
	at org.springframework.web.client.RestTemplate.doExecute(RestTemplate.java:906)
	at org.springframework.web.client.RestTemplate.execute(RestTemplate.java:841)
	at org.springframework.web.client.RestTemplate.exchange(RestTemplate.java:702)
	at org.springframework.cloud.netflix.eureka.http.RestTemplateEurekaHttpClient.register(RestTemplateEurekaHttpClient.java:87)
	at com.netflix.discovery.shared.transport.decorator.EurekaHttpClientDecorator$1.execute(EurekaHttpClientDecorator.java:59)
	at com.netflix.discovery.shared.transport.decorator.RedirectingEurekaHttpClient.execute(RedirectingEurekaHttpClient.java:91)
	at com.netflix.discovery.shared.transport.decorator.EurekaHttpClientDecorator.register(EurekaHttpClientDecorator.java:56)
	at com.netflix.discovery.shared.transport.decorator.EurekaHttpClientDecorator$1.execute(EurekaHttpClientDecorator.java:59)
	at com.netflix.discovery.shared.transport.decorator.RetryableEurekaHttpClient.execute(RetryableEurekaHttpClient.java:120)
	at com.netflix.discovery.shared.transport.decorator.EurekaHttpClientDecorator.register(EurekaHttpClientDecorator.java:56)
	at com.netflix.discovery.shared.transport.decorator.EurekaHttpClientDecorator$1.execute(EurekaHttpClientDecorator.java:59)
	at com.netflix.discovery.shared.transport.decorator.SessionedEurekaHttpClient.execute(SessionedEurekaHttpClient.java:76)
	at com.netflix.discovery.shared.transport.decorator.EurekaHttpClientDecorator.register(EurekaHttpClientDecorator.java:56)
	at com.netflix.discovery.DiscoveryClient.register(DiscoveryClient.java:828)
	at com.netflix.discovery.InstanceInfoReplicator.run(InstanceInfoReplicator.java:125)
	at com.netflix.discovery.InstanceInfoReplicator$2.run(InstanceInfoReplicator.java:105)
	at java.base/java.util.concurrent.Executors$RunnableAdapter.call(Executors.java:545)
	at java.base/java.util.concurrent.FutureTask.run(FutureTask.java:328)
	at java.base/java.util.concurrent.ScheduledThreadPoolExecutor$ScheduledFutureTask.run(ScheduledThreadPoolExecutor.java:309)
	at java.base/java.util.concurrent.ThreadPoolExecutor.runWorker(ThreadPoolExecutor.java:1095)
	at java.base/java.util.concurrent.ThreadPoolExecutor$Worker.run(ThreadPoolExecutor.java:619)
	at java.base/java.lang.Thread.run(Thread.java:1447)
Caused by: org.apache.hc.client5.http.HttpHostConnectException: Connect to http://localhost:8761 failed: Connection refused
	at java.base/sun.nio.ch.Net.pollConnect(Native Method)
	at java.base/sun.nio.ch.Net.pollConnectNow(Net.java:628)
	at java.base/sun.nio.ch.NioSocketImpl.timedFinishConnect(NioSocketImpl.java:533)
	at java.base/sun.nio.ch.NioSocketImpl.connect(NioSocketImpl.java:583)
	at java.base/java.net.SocksSocketImpl.connect(SocksSocketImpl.java:282)
	at java.base/java.net.Socket.connect(Socket.java:665)
	at org.apache.hc.client5.http.impl.io.DefaultHttpClientConnectionOperator.connect(DefaultHttpClientConnectionOperator.java:205)
	at org.apache.hc.client5.http.impl.io.PoolingHttpClientConnectionManager.connect(PoolingHttpClientConnectionManager.java:490)
	at org.apache.hc.client5.http.impl.classic.InternalExecRuntime.connectEndpoint(InternalExecRuntime.java:164)
	at org.apache.hc.client5.http.impl.classic.InternalExecRuntime.connectEndpoint(InternalExecRuntime.java:174)
	at org.apache.hc.client5.http.impl.classic.ConnectExec.execute(ConnectExec.java:144)
	at org.apache.hc.client5.http.impl.classic.ExecChainElement.execute(ExecChainElement.java:51)
	at org.apache.hc.client5.http.impl.classic.ProtocolExec.execute(ProtocolExec.java:195)
	at org.apache.hc.client5.http.impl.classic.ExecChainElement.execute(ExecChainElement.java:51)
	at org.apache.hc.client5.http.impl.classic.ContentCompressionExec.execute(ContentCompressionExec.java:150)
	at org.apache.hc.client5.http.impl.classic.ExecChainElement.execute(ExecChainElement.java:51)
	at org.apache.hc.client5.http.impl.classic.HttpRequestRetryExec.execute(HttpRequestRetryExec.java:113)
	at org.apache.hc.client5.http.impl.classic.ExecChainElement.execute(ExecChainElement.java:51)
	at org.apache.hc.client5.http.impl.classic.RedirectExec.execute(RedirectExec.java:110)
	at org.apache.hc.client5.http.impl.classic.ExecChainElement.execute(ExecChainElement.java:51)
	at org.apache.hc.client5.http.impl.classic.InternalHttpClient.doExecute(InternalHttpClient.java:185)
	at org.apache.hc.client5.http.impl.classic.CloseableHttpClient.execute(CloseableHttpClient.java:87)
	at org.apache.hc.client5.http.impl.classic.CloseableHttpClient.execute(CloseableHttpClient.java:55)
	at org.apache.hc.client5.http.classic.HttpClient.executeOpen(HttpClient.java:183)
	at org.springframework.http.client.HttpComponentsClientHttpRequest.executeInternal(HttpComponentsClientHttpRequest.java:99)
	at org.springframework.http.client.AbstractStreamingClientHttpRequest.executeInternal(AbstractStreamingClientHttpRequest.java:71)
	at org.springframework.http.client.AbstractClientHttpRequest.execute(AbstractClientHttpRequest.java:81)
	at org.springframework.http.client.InterceptingClientHttpRequest$InterceptingRequestExecution.execute(InterceptingClientHttpRequest.java:117)
	at org.springframework.cloud.netflix.eureka.http.RestTemplateTransportClientFactory.lambda$restTemplate$2(RestTemplateTransportClientFactory.java:145)
	at org.springframework.http.client.InterceptingClientHttpRequest$InterceptingRequestExecution.execute(InterceptingClientHttpRequest.java:88)
	at org.springframework.http.client.InterceptingClientHttpRequest.executeInternal(InterceptingClientHttpRequest.java:72)
	at org.springframework.http.client.AbstractBufferingClientHttpRequest.executeInternal(AbstractBufferingClientHttpRequest.java:48)
	at org.springframework.http.client.AbstractClientHttpRequest.execute(AbstractClientHttpRequest.java:81)
	at org.springframework.web.client.RestTemplate.doExecute(RestTemplate.java:900)
	... 21 more

2025-10-14T16:56:08.506+05:30  WARN 41358 --- [user-microservice] [DiscoveryClient-InstanceInfoReplicator-%d] [                                                 ] c.n.d.s.t.d.RetryableEurekaHttpClient    : Request execution failed with message: I/O error on POST request for "http://localhost:8761/eureka/apps/USER-MICROSERVICE": Connect to http://localhost:8761 failed: Connection refused
2025-10-14T16:56:08.525+05:30  INFO 41358 --- [user-microservice] [DiscoveryClient-InstanceInfoReplicator-%d] [                                                 ] c.n.d.s.t.d.RedirectingEurekaHttpClient  : Request execution error. endpoint=DefaultEndpoint{ serviceUrl='http://localhost:8761/eureka/}, exception=I/O error on POST request for "http://localhost:8761/eureka/apps/USER-MICROSERVICE": Connect to http://localhost:8761 failed: Connection refused stacktrace=org.springframework.web.client.ResourceAccessException: I/O error on POST request for "http://localhost:8761/eureka/apps/USER-MICROSERVICE": Connect to http://localhost:8761 failed: Connection refused
	at org.springframework.web.client.RestTemplate.createResourceAccessException(RestTemplate.java:926)
	at org.springframework.web.client.RestTemplate.doExecute(RestTemplate.java:906)
	at org.springframework.web.client.RestTemplate.execute(RestTemplate.java:841)
	at org.springframework.web.client.RestTemplate.exchange(RestTemplate.java:702)
	at org.springframework.cloud.netflix.eureka.http.RestTemplateEurekaHttpClient.register(RestTemplateEurekaHttpClient.java:87)
	at com.netflix.discovery.shared.transport.decorator.EurekaHttpClientDecorator$1.execute(EurekaHttpClientDecorator.java:59)
	at com.netflix.discovery.shared.transport.decorator.RedirectingEurekaHttpClient.executeOnNewServer(RedirectingEurekaHttpClient.java:121)
	at com.netflix.discovery.shared.transport.decorator.RedirectingEurekaHttpClient.execute(RedirectingEurekaHttpClient.java:80)
	at com.netflix.discovery.shared.transport.decorator.EurekaHttpClientDecorator.register(EurekaHttpClientDecorator.java:56)
	at com.netflix.discovery.shared.transport.decorator.EurekaHttpClientDecorator$1.execute(EurekaHttpClientDecorator.java:59)
	at com.netflix.discovery.shared.transport.decorator.RetryableEurekaHttpClient.execute(RetryableEurekaHttpClient.java:120)
	at com.netflix.discovery.shared.transport.decorator.EurekaHttpClientDecorator.register(EurekaHttpClientDecorator.java:56)
	at com.netflix.discovery.shared.transport.decorator.EurekaHttpClientDecorator$1.execute(EurekaHttpClientDecorator.java:59)
	at com.netflix.discovery.shared.transport.decorator.SessionedEurekaHttpClient.execute(SessionedEurekaHttpClient.java:76)
	at com.netflix.discovery.shared.transport.decorator.EurekaHttpClientDecorator.register(EurekaHttpClientDecorator.java:56)
	at com.netflix.discovery.DiscoveryClient.register(DiscoveryClient.java:828)
	at com.netflix.discovery.InstanceInfoReplicator.run(InstanceInfoReplicator.java:125)
	at com.netflix.discovery.InstanceInfoReplicator$2.run(InstanceInfoReplicator.java:105)
	at java.base/java.util.concurrent.Executors$RunnableAdapter.call(Executors.java:545)
	at java.base/java.util.concurrent.FutureTask.run(FutureTask.java:328)
	at java.base/java.util.concurrent.ScheduledThreadPoolExecutor$ScheduledFutureTask.run(ScheduledThreadPoolExecutor.java:309)
	at java.base/java.util.concurrent.ThreadPoolExecutor.runWorker(ThreadPoolExecutor.java:1095)
	at java.base/java.util.concurrent.ThreadPoolExecutor$Worker.run(ThreadPoolExecutor.java:619)
	at java.base/java.lang.Thread.run(Thread.java:1447)
Caused by: org.apache.hc.client5.http.HttpHostConnectException: Connect to http://localhost:8761 failed: Connection refused
	at java.base/sun.nio.ch.Net.pollConnect(Native Method)
	at java.base/sun.nio.ch.Net.pollConnectNow(Net.java:628)
	at java.base/sun.nio.ch.NioSocketImpl.timedFinishConnect(NioSocketImpl.java:540)
	at java.base/sun.nio.ch.NioSocketImpl.connect(NioSocketImpl.java:583)
	at java.base/java.net.SocksSocketImpl.connect(SocksSocketImpl.java:282)
	at java.base/java.net.Socket.connect(Socket.java:665)
	at org.apache.hc.client5.http.impl.io.DefaultHttpClientConnectionOperator.connect(DefaultHttpClientConnectionOperator.java:205)
	at org.apache.hc.client5.http.impl.io.PoolingHttpClientConnectionManager.connect(PoolingHttpClientConnectionManager.java:490)
	at org.apache.hc.client5.http.impl.classic.InternalExecRuntime.connectEndpoint(InternalExecRuntime.java:164)
	at org.apache.hc.client5.http.impl.classic.InternalExecRuntime.connectEndpoint(InternalExecRuntime.java:174)
	at org.apache.hc.client5.http.impl.classic.ConnectExec.execute(ConnectExec.java:144)
	at org.apache.hc.client5.http.impl.classic.ExecChainElement.execute(ExecChainElement.java:51)
	at org.apache.hc.client5.http.impl.classic.ProtocolExec.execute(ProtocolExec.java:195)
	at org.apache.hc.client5.http.impl.classic.ExecChainElement.execute(ExecChainElement.java:51)
	at org.apache.hc.client5.http.impl.classic.ContentCompressionExec.execute(ContentCompressionExec.java:150)
	at org.apache.hc.client5.http.impl.classic.ExecChainElement.execute(ExecChainElement.java:51)
	at org.apache.hc.client5.http.impl.classic.HttpRequestRetryExec.execute(HttpRequestRetryExec.java:113)
	at org.apache.hc.client5.http.impl.classic.ExecChainElement.execute(ExecChainElement.java:51)
	at org.apache.hc.client5.http.impl.classic.RedirectExec.execute(RedirectExec.java:110)
	at org.apache.hc.client5.http.impl.classic.ExecChainElement.execute(ExecChainElement.java:51)
	at org.apache.hc.client5.http.impl.classic.InternalHttpClient.doExecute(InternalHttpClient.java:185)
	at org.apache.hc.client5.http.impl.classic.CloseableHttpClient.execute(CloseableHttpClient.java:87)
	at org.apache.hc.client5.http.impl.classic.CloseableHttpClient.execute(CloseableHttpClient.java:55)
	at org.apache.hc.client5.http.classic.HttpClient.executeOpen(HttpClient.java:183)
	at org.springframework.http.client.HttpComponentsClientHttpRequest.executeInternal(HttpComponentsClientHttpRequest.java:99)
	at org.springframework.http.client.AbstractStreamingClientHttpRequest.executeInternal(AbstractStreamingClientHttpRequest.java:71)
	at org.springframework.http.client.AbstractClientHttpRequest.execute(AbstractClientHttpRequest.java:81)
	at org.springframework.http.client.InterceptingClientHttpRequest$InterceptingRequestExecution.execute(InterceptingClientHttpRequest.java:117)
	at org.springframework.cloud.netflix.eureka.http.RestTemplateTransportClientFactory.lambda$restTemplate$2(RestTemplateTransportClientFactory.java:145)
	at org.springframework.http.client.InterceptingClientHttpRequest$InterceptingRequestExecution.execute(InterceptingClientHttpRequest.java:88)
	at org.springframework.http.client.InterceptingClientHttpRequest.executeInternal(InterceptingClientHttpRequest.java:72)
	at org.springframework.http.client.AbstractBufferingClientHttpRequest.executeInternal(AbstractBufferingClientHttpRequest.java:48)
	at org.springframework.http.client.AbstractClientHttpRequest.execute(AbstractClientHttpRequest.java:81)
	at org.springframework.web.client.RestTemplate.doExecute(RestTemplate.java:900)
	... 22 more

2025-10-14T16:56:08.527+05:30  WARN 41358 --- [user-microservice] [DiscoveryClient-InstanceInfoReplicator-%d] [                                                 ] c.n.d.s.t.d.RetryableEurekaHttpClient    : Request execution failed with message: I/O error on POST request for "http://localhost:8761/eureka/apps/USER-MICROSERVICE": Connect to http://localhost:8761 failed: Connection refused
2025-10-14T16:56:08.528+05:30  WARN 41358 --- [user-microservice] [DiscoveryClient-InstanceInfoReplicator-%d] [                                                 ] com.netflix.discovery.DiscoveryClient    : DiscoveryClient_USER-MICROSERVICE/172.29.168.193:user-microservice:8082 - registration failed Cannot execute request on any known server

com.netflix.discovery.shared.transport.TransportException: Cannot execute request on any known server
	at com.netflix.discovery.shared.transport.decorator.RetryableEurekaHttpClient.execute(RetryableEurekaHttpClient.java:112) ~[eureka-client-2.0.4.jar:2.0.4]
	at com.netflix.discovery.shared.transport.decorator.EurekaHttpClientDecorator.register(EurekaHttpClientDecorator.java:56) ~[eureka-client-2.0.4.jar:2.0.4]
	at com.netflix.discovery.shared.transport.decorator.EurekaHttpClientDecorator$1.execute(EurekaHttpClientDecorator.java:59) ~[eureka-client-2.0.4.jar:2.0.4]
	at com.netflix.discovery.shared.transport.decorator.SessionedEurekaHttpClient.execute(SessionedEurekaHttpClient.java:76) ~[eureka-client-2.0.4.jar:2.0.4]
	at com.netflix.discovery.shared.transport.decorator.EurekaHttpClientDecorator.register(EurekaHttpClientDecorator.java:56) ~[eureka-client-2.0.4.jar:2.0.4]
	at com.netflix.discovery.DiscoveryClient.register(DiscoveryClient.java:828) ~[eureka-client-2.0.4.jar:2.0.4]
	at com.netflix.discovery.InstanceInfoReplicator.run(InstanceInfoReplicator.java:125) ~[eureka-client-2.0.4.jar:2.0.4]
	at com.netflix.discovery.InstanceInfoReplicator$2.run(InstanceInfoReplicator.java:105) ~[eureka-client-2.0.4.jar:2.0.4]
	at java.base/java.util.concurrent.Executors$RunnableAdapter.call(Executors.java:545) ~[na:na]
	at java.base/java.util.concurrent.FutureTask.run(FutureTask.java:328) ~[na:na]
	at java.base/java.util.concurrent.ScheduledThreadPoolExecutor$ScheduledFutureTask.run(ScheduledThreadPoolExecutor.java:309) ~[na:na]
	at java.base/java.util.concurrent.ThreadPoolExecutor.runWorker(ThreadPoolExecutor.java:1095) ~[na:na]
	at java.base/java.util.concurrent.ThreadPoolExecutor$Worker.run(ThreadPoolExecutor.java:619) ~[na:na]
	at java.base/java.lang.Thread.run(Thread.java:1447) ~[na:na]

2025-10-14T16:56:08.534+05:30  WARN 41358 --- [user-microservice] [DiscoveryClient-InstanceInfoReplicator-%d] [                                                 ] c.n.discovery.InstanceInfoReplicator     : There was a problem with the instance info replicator

com.netflix.discovery.shared.transport.TransportException: Cannot execute request on any known server
	at com.netflix.discovery.shared.transport.decorator.RetryableEurekaHttpClient.execute(RetryableEurekaHttpClient.java:112) ~[eureka-client-2.0.4.jar:2.0.4]
	at com.netflix.discovery.shared.transport.decorator.EurekaHttpClientDecorator.register(EurekaHttpClientDecorator.java:56) ~[eureka-client-2.0.4.jar:2.0.4]
	at com.netflix.discovery.shared.transport.decorator.EurekaHttpClientDecorator$1.execute(EurekaHttpClientDecorator.java:59) ~[eureka-client-2.0.4.jar:2.0.4]
	at com.netflix.discovery.shared.transport.decorator.SessionedEurekaHttpClient.execute(SessionedEurekaHttpClient.java:76) ~[eureka-client-2.0.4.jar:2.0.4]
	at com.netflix.discovery.shared.transport.decorator.EurekaHttpClientDecorator.register(EurekaHttpClientDecorator.java:56) ~[eureka-client-2.0.4.jar:2.0.4]
	at com.netflix.discovery.DiscoveryClient.register(DiscoveryClient.java:828) ~[eureka-client-2.0.4.jar:2.0.4]
	at com.netflix.discovery.InstanceInfoReplicator.run(InstanceInfoReplicator.java:125) ~[eureka-client-2.0.4.jar:2.0.4]
	at com.netflix.discovery.InstanceInfoReplicator$2.run(InstanceInfoReplicator.java:105) ~[eureka-client-2.0.4.jar:2.0.4]
	at java.base/java.util.concurrent.Executors$RunnableAdapter.call(Executors.java:545) ~[na:na]
	at java.base/java.util.concurrent.FutureTask.run(FutureTask.java:328) ~[na:na]
	at java.base/java.util.concurrent.ScheduledThreadPoolExecutor$ScheduledFutureTask.run(ScheduledThreadPoolExecutor.java:309) ~[na:na]
	at java.base/java.util.concurrent.ThreadPoolExecutor.runWorker(ThreadPoolExecutor.java:1095) ~[na:na]
	at java.base/java.util.concurrent.ThreadPoolExecutor$Worker.run(ThreadPoolExecutor.java:619) ~[na:na]
	at java.base/java.lang.Thread.run(Thread.java:1447) ~[na:na]

2025-10-14T16:56:08.775+05:30  INFO 41358 --- [user-microservice] [SpringApplicationShutdownHook] [                                                 ] o.s.a.r.l.SimpleMessageListenerContainer : Waiting for workers to finish.
2025-10-14T16:56:09.475+05:30  INFO 41358 --- [user-microservice] [SpringApplicationShutdownHook] [                                                 ] o.s.a.r.l.SimpleMessageListenerContainer : Successfully waited for workers to finish.
2025-10-14T16:56:09.476+05:30  INFO 41358 --- [user-microservice] [SpringApplicationShutdownHook] [                                                 ] o.s.i.a.i.AmqpInboundChannelAdapter      : stopped bean 'inbound.springCloudBus.anonymous.N3EJNsLnSy-RtzjXPervwA'
2025-10-14T16:56:09.487+05:30  INFO 41358 --- [user-microservice] [SpringApplicationShutdownHook] [                                                 ] o.s.c.stream.binder.BinderErrorChannel   : Channel 'user-microservice.rabbit-483370168.springCloudBusInput.errors' has 1 subscriber(s).
2025-10-14T16:56:09.488+05:30  INFO 41358 --- [user-microservice] [SpringApplicationShutdownHook] [                                                 ] o.s.c.stream.binder.BinderErrorChannel   : Channel 'user-microservice.rabbit-483370168.springCloudBusInput.errors' has 0 subscriber(s).
2025-10-14T16:56:10.081+05:30  INFO 41358 --- [user-microservice] [SpringApplicationShutdownHook] [                                                 ] o.s.i.endpoint.EventDrivenConsumer       : Removing {logging-channel-adapter:_org.springframework.integration.errorLogger} as a subscriber to the 'errorChannel' channel
2025-10-14T16:56:10.081+05:30  INFO 41358 --- [user-microservice] [SpringApplicationShutdownHook] [                                                 ] o.s.i.channel.PublishSubscribeChannel    : Channel 'user-microservice.errorChannel' has 0 subscriber(s).
2025-10-14T16:56:10.081+05:30  INFO 41358 --- [user-microservice] [SpringApplicationShutdownHook] [                                                 ] o.s.i.endpoint.EventDrivenConsumer       : stopped bean '_org.springframework.integration.errorLogger'
2025-10-14T16:56:10.112+05:30  INFO 41358 --- [user-microservice] [SpringApplicationShutdownHook] [                                                 ] com.netflix.discovery.DiscoveryClient    : Shutting down DiscoveryClient ...
2025-10-14T16:56:13.119+05:30  INFO 41358 --- [user-microservice] [SpringApplicationShutdownHook] [                                                 ] com.netflix.discovery.DiscoveryClient    : Unregistering ...
2025-10-14T16:56:13.123+05:30  INFO 41358 --- [user-microservice] [SpringApplicationShutdownHook] [                                                 ] c.n.d.s.t.d.RedirectingEurekaHttpClient  : Request execution error. endpoint=DefaultEndpoint{ serviceUrl='http://localhost:8761/eureka/}, exception=I/O error on DELETE request for "http://localhost:8761/eureka/apps/USER-MICROSERVICE/172.29.168.193:user-microservice:8082": Connect to http://localhost:8761 failed: Connection refused stacktrace=org.springframework.web.client.ResourceAccessException: I/O error on DELETE request for "http://localhost:8761/eureka/apps/USER-MICROSERVICE/172.29.168.193:user-microservice:8082": Connect to http://localhost:8761 failed: Connection refused
	at org.springframework.web.client.RestTemplate.createResourceAccessException(RestTemplate.java:926)
	at org.springframework.web.client.RestTemplate.doExecute(RestTemplate.java:906)
	at org.springframework.web.client.RestTemplate.execute(RestTemplate.java:841)
	at org.springframework.web.client.RestTemplate.exchange(RestTemplate.java:702)
	at org.springframework.cloud.netflix.eureka.http.RestTemplateEurekaHttpClient.cancel(RestTemplateEurekaHttpClient.java:100)
	at com.netflix.discovery.shared.transport.decorator.EurekaHttpClientDecorator$2.execute(EurekaHttpClientDecorator.java:74)
	at com.netflix.discovery.shared.transport.decorator.RedirectingEurekaHttpClient.executeOnNewServer(RedirectingEurekaHttpClient.java:121)
	at com.netflix.discovery.shared.transport.decorator.RedirectingEurekaHttpClient.execute(RedirectingEurekaHttpClient.java:80)
	at com.netflix.discovery.shared.transport.decorator.EurekaHttpClientDecorator.cancel(EurekaHttpClientDecorator.java:71)
	at com.netflix.discovery.shared.transport.decorator.EurekaHttpClientDecorator$2.execute(EurekaHttpClientDecorator.java:74)
	at com.netflix.discovery.shared.transport.decorator.RetryableEurekaHttpClient.execute(RetryableEurekaHttpClient.java:120)
	at com.netflix.discovery.shared.transport.decorator.EurekaHttpClientDecorator.cancel(EurekaHttpClientDecorator.java:71)
	at com.netflix.discovery.shared.transport.decorator.EurekaHttpClientDecorator$2.execute(EurekaHttpClientDecorator.java:74)
	at com.netflix.discovery.shared.transport.decorator.SessionedEurekaHttpClient.execute(SessionedEurekaHttpClient.java:76)
	at com.netflix.discovery.shared.transport.decorator.EurekaHttpClientDecorator.cancel(EurekaHttpClientDecorator.java:71)
	at com.netflix.discovery.DiscoveryClient.unregister(DiscoveryClient.java:919)
	at com.netflix.discovery.DiscoveryClient.shutdown(DiscoveryClient.java:900)
	at java.base/jdk.internal.reflect.DirectMethodHandleAccessor.invoke(DirectMethodHandleAccessor.java:104)
	at java.base/java.lang.reflect.Method.invoke(Method.java:565)
	at org.springframework.beans.factory.annotation.InitDestroyAnnotationBeanPostProcessor$LifecycleMethod.invoke(InitDestroyAnnotationBeanPostProcessor.java:457)
	at org.springframework.beans.factory.annotation.InitDestroyAnnotationBeanPostProcessor$LifecycleMetadata.invokeDestroyMethods(InitDestroyAnnotationBeanPostProcessor.java:415)
	at org.springframework.beans.factory.annotation.InitDestroyAnnotationBeanPostProcessor.postProcessBeforeDestruction(InitDestroyAnnotationBeanPostProcessor.java:239)
	at org.springframework.beans.factory.support.DisposableBeanAdapter.destroy(DisposableBeanAdapter.java:202)
	at org.springframework.beans.factory.support.DisposableBeanAdapter.run(DisposableBeanAdapter.java:195)
	at org.springframework.cloud.context.scope.GenericScope$BeanLifecycleWrapper.destroy(GenericScope.java:387)
	at org.springframework.cloud.context.scope.GenericScope.destroy(GenericScope.java:134)
	at org.springframework.beans.factory.support.DisposableBeanAdapter.destroy(DisposableBeanAdapter.java:211)
	at org.springframework.beans.factory.support.DefaultSingletonBeanRegistry.destroyBean(DefaultSingletonBeanRegistry.java:798)
	at org.springframework.beans.factory.support.DefaultSingletonBeanRegistry.destroySingleton(DefaultSingletonBeanRegistry.java:748)
	at org.springframework.beans.factory.support.DefaultListableBeanFactory.destroySingleton(DefaultListableBeanFactory.java:1474)
	at org.springframework.beans.factory.support.DefaultSingletonBeanRegistry.destroySingletons(DefaultSingletonBeanRegistry.java:707)
	at org.springframework.beans.factory.support.DefaultListableBeanFactory.destroySingletons(DefaultListableBeanFactory.java:1467)
	at org.springframework.context.support.AbstractApplicationContext.destroyBeans(AbstractApplicationContext.java:1219)
	at org.springframework.context.support.AbstractApplicationContext.doClose(AbstractApplicationContext.java:1180)
	at org.springframework.boot.web.servlet.context.ServletWebServerApplicationContext.doClose(ServletWebServerApplicationContext.java:179)
	at org.springframework.context.support.AbstractApplicationContext.close(AbstractApplicationContext.java:1126)
	at org.springframework.boot.SpringApplicationShutdownHook.closeAndWait(SpringApplicationShutdownHook.java:147)
	at java.base/java.lang.Iterable.forEach(Iterable.java:75)
	at org.springframework.boot.SpringApplicationShutdownHook.run(SpringApplicationShutdownHook.java:116)
	at java.base/java.lang.Thread.run(Thread.java:1447)
Caused by: org.apache.hc.client5.http.HttpHostConnectException: Connect to http://localhost:8761 failed: Connection refused
	at java.base/sun.nio.ch.Net.pollConnect(Native Method)
	at java.base/sun.nio.ch.Net.pollConnectNow(Net.java:628)
	at java.base/sun.nio.ch.NioSocketImpl.timedFinishConnect(NioSocketImpl.java:540)
	at java.base/sun.nio.ch.NioSocketImpl.connect(NioSocketImpl.java:583)
	at java.base/java.net.SocksSocketImpl.connect(SocksSocketImpl.java:282)
	at java.base/java.net.Socket.connect(Socket.java:665)
	at org.apache.hc.client5.http.impl.io.DefaultHttpClientConnectionOperator.connect(DefaultHttpClientConnectionOperator.java:205)
	at org.apache.hc.client5.http.impl.io.PoolingHttpClientConnectionManager.connect(PoolingHttpClientConnectionManager.java:490)
	at org.apache.hc.client5.http.impl.classic.InternalExecRuntime.connectEndpoint(InternalExecRuntime.java:164)
	at org.apache.hc.client5.http.impl.classic.InternalExecRuntime.connectEndpoint(InternalExecRuntime.java:174)
	at org.apache.hc.client5.http.impl.classic.ConnectExec.execute(ConnectExec.java:144)
	at org.apache.hc.client5.http.impl.classic.ExecChainElement.execute(ExecChainElement.java:51)
	at org.apache.hc.client5.http.impl.classic.ProtocolExec.execute(ProtocolExec.java:195)
	at org.apache.hc.client5.http.impl.classic.ExecChainElement.execute(ExecChainElement.java:51)
	at org.apache.hc.client5.http.impl.classic.ContentCompressionExec.execute(ContentCompressionExec.java:150)
	at org.apache.hc.client5.http.impl.classic.ExecChainElement.execute(ExecChainElement.java:51)
	at org.apache.hc.client5.http.impl.classic.HttpRequestRetryExec.execute(HttpRequestRetryExec.java:113)
	at org.apache.hc.client5.http.impl.classic.ExecChainElement.execute(ExecChainElement.java:51)
	at org.apache.hc.client5.http.impl.classic.RedirectExec.execute(RedirectExec.java:110)
	at org.apache.hc.client5.http.impl.classic.ExecChainElement.execute(ExecChainElement.java:51)
	at org.apache.hc.client5.http.impl.classic.InternalHttpClient.doExecute(InternalHttpClient.java:185)
	at org.apache.hc.client5.http.impl.classic.CloseableHttpClient.execute(CloseableHttpClient.java:87)
	at org.apache.hc.client5.http.impl.classic.CloseableHttpClient.execute(CloseableHttpClient.java:55)
	at org.apache.hc.client5.http.classic.HttpClient.executeOpen(HttpClient.java:183)
	at org.springframework.http.client.HttpComponentsClientHttpRequest.executeInternal(HttpComponentsClientHttpRequest.java:99)
	at org.springframework.http.client.AbstractStreamingClientHttpRequest.executeInternal(AbstractStreamingClientHttpRequest.java:71)
	at org.springframework.http.client.AbstractClientHttpRequest.execute(AbstractClientHttpRequest.java:81)
	at org.springframework.http.client.InterceptingClientHttpRequest$InterceptingRequestExecution.execute(InterceptingClientHttpRequest.java:117)
	at org.springframework.cloud.netflix.eureka.http.RestTemplateTransportClientFactory.lambda$restTemplate$2(RestTemplateTransportClientFactory.java:145)
	at org.springframework.http.client.InterceptingClientHttpRequest$InterceptingRequestExecution.execute(InterceptingClientHttpRequest.java:88)
	at org.springframework.http.client.InterceptingClientHttpRequest.executeInternal(InterceptingClientHttpRequest.java:72)
	at org.springframework.http.client.AbstractBufferingClientHttpRequest.executeInternal(AbstractBufferingClientHttpRequest.java:48)
	at org.springframework.http.client.AbstractClientHttpRequest.execute(AbstractClientHttpRequest.java:81)
	at org.springframework.web.client.RestTemplate.doExecute(RestTemplate.java:900)
	... 38 more

2025-10-14T16:56:13.124+05:30  WARN 41358 --- [user-microservice] [SpringApplicationShutdownHook] [                                                 ] c.n.d.s.t.d.RetryableEurekaHttpClient    : Request execution failed with message: I/O error on DELETE request for "http://localhost:8761/eureka/apps/USER-MICROSERVICE/172.29.168.193:user-microservice:8082": Connect to http://localhost:8761 failed: Connection refused
2025-10-14T16:56:13.124+05:30 ERROR 41358 --- [user-microservice] [SpringApplicationShutdownHook] [                                                 ] com.netflix.discovery.DiscoveryClient    : DiscoveryClient_USER-MICROSERVICE/172.29.168.193:user-microservice:8082 - de-registration failedCannot execute request on any known server

com.netflix.discovery.shared.transport.TransportException: Cannot execute request on any known server
	at com.netflix.discovery.shared.transport.decorator.RetryableEurekaHttpClient.execute(RetryableEurekaHttpClient.java:112) ~[eureka-client-2.0.4.jar:2.0.4]
	at com.netflix.discovery.shared.transport.decorator.EurekaHttpClientDecorator.cancel(EurekaHttpClientDecorator.java:71) ~[eureka-client-2.0.4.jar:2.0.4]
	at com.netflix.discovery.shared.transport.decorator.EurekaHttpClientDecorator$2.execute(EurekaHttpClientDecorator.java:74) ~[eureka-client-2.0.4.jar:2.0.4]
	at com.netflix.discovery.shared.transport.decorator.SessionedEurekaHttpClient.execute(SessionedEurekaHttpClient.java:76) ~[eureka-client-2.0.4.jar:2.0.4]
	at com.netflix.discovery.shared.transport.decorator.EurekaHttpClientDecorator.cancel(EurekaHttpClientDecorator.java:71) ~[eureka-client-2.0.4.jar:2.0.4]
	at com.netflix.discovery.DiscoveryClient.unregister(DiscoveryClient.java:919) ~[eureka-client-2.0.4.jar:2.0.4]
	at com.netflix.discovery.DiscoveryClient.shutdown(DiscoveryClient.java:900) ~[eureka-client-2.0.4.jar:2.0.4]
	at java.base/jdk.internal.reflect.DirectMethodHandleAccessor.invoke(DirectMethodHandleAccessor.java:104) ~[na:na]
	at java.base/java.lang.reflect.Method.invoke(Method.java:565) ~[na:na]
	at org.springframework.beans.factory.annotation.InitDestroyAnnotationBeanPostProcessor$LifecycleMethod.invoke(InitDestroyAnnotationBeanPostProcessor.java:457) ~[spring-beans-6.2.9.jar:6.2.9]
	at org.springframework.beans.factory.annotation.InitDestroyAnnotationBeanPostProcessor$LifecycleMetadata.invokeDestroyMethods(InitDestroyAnnotationBeanPostProcessor.java:415) ~[spring-beans-6.2.9.jar:6.2.9]
	at org.springframework.beans.factory.annotation.InitDestroyAnnotationBeanPostProcessor.postProcessBeforeDestruction(InitDestroyAnnotationBeanPostProcessor.java:239) ~[spring-beans-6.2.9.jar:6.2.9]
	at org.springframework.beans.factory.support.DisposableBeanAdapter.destroy(DisposableBeanAdapter.java:202) ~[spring-beans-6.2.9.jar:6.2.9]
	at org.springframework.beans.factory.support.DisposableBeanAdapter.run(DisposableBeanAdapter.java:195) ~[spring-beans-6.2.9.jar:6.2.9]
	at org.springframework.cloud.context.scope.GenericScope$BeanLifecycleWrapper.destroy(GenericScope.java:387) ~[spring-cloud-context-4.3.0.jar:4.3.0]
	at org.springframework.cloud.context.scope.GenericScope.destroy(GenericScope.java:134) ~[spring-cloud-context-4.3.0.jar:4.3.0]
	at org.springframework.beans.factory.support.DisposableBeanAdapter.destroy(DisposableBeanAdapter.java:211) ~[spring-beans-6.2.9.jar:6.2.9]
	at org.springframework.beans.factory.support.DefaultSingletonBeanRegistry.destroyBean(DefaultSingletonBeanRegistry.java:798) ~[spring-beans-6.2.9.jar:6.2.9]
	at org.springframework.beans.factory.support.DefaultSingletonBeanRegistry.destroySingleton(DefaultSingletonBeanRegistry.java:748) ~[spring-beans-6.2.9.jar:6.2.9]
	at org.springframework.beans.factory.support.DefaultListableBeanFactory.destroySingleton(DefaultListableBeanFactory.java:1474) ~[spring-beans-6.2.9.jar:6.2.9]
	at org.springframework.beans.factory.support.DefaultSingletonBeanRegistry.destroySingletons(DefaultSingletonBeanRegistry.java:707) ~[spring-beans-6.2.9.jar:6.2.9]
	at org.springframework.beans.factory.support.DefaultListableBeanFactory.destroySingletons(DefaultListableBeanFactory.java:1467) ~[spring-beans-6.2.9.jar:6.2.9]
	at org.springframework.context.support.AbstractApplicationContext.destroyBeans(AbstractApplicationContext.java:1219) ~[spring-context-6.2.9.jar:6.2.9]
	at org.springframework.context.support.AbstractApplicationContext.doClose(AbstractApplicationContext.java:1180) ~[spring-context-6.2.9.jar:6.2.9]
	at org.springframework.boot.web.servlet.context.ServletWebServerApplicationContext.doClose(ServletWebServerApplicationContext.java:179) ~[spring-boot-3.5.4.jar:3.5.4]
	at org.springframework.context.support.AbstractApplicationContext.close(AbstractApplicationContext.java:1126) ~[spring-context-6.2.9.jar:6.2.9]
	at org.springframework.boot.SpringApplicationShutdownHook.closeAndWait(SpringApplicationShutdownHook.java:147) ~[spring-boot-3.5.4.jar:3.5.4]
	at java.base/java.lang.Iterable.forEach(Iterable.java:75) ~[na:na]
	at org.springframework.boot.SpringApplicationShutdownHook.run(SpringApplicationShutdownHook.java:116) ~[spring-boot-3.5.4.jar:3.5.4]
	at java.base/java.lang.Thread.run(Thread.java:1447) ~[na:na]

2025-10-14T16:56:13.124+05:30  INFO 41358 --- [user-microservice] [SpringApplicationShutdownHook] [                                                 ] com.netflix.discovery.DiscoveryClient    : Completed shut down of DiscoveryClient
